Actual_Energy,Predicted_Energy,Confidence,CBIS_Decision,CBIS_Energy_J
8014.5,8029.372,0.9981,STAY_ACTIVE,8029.3720703125
4091.7,4095.6965,0.999,SCALE_DOWN,3000.0
5725.5,5747.8027,0.9961,STAY_ACTIVE,5747.802734375
7809.6,7696.4897,0.9855,STAY_ACTIVE,7696.48974609375
5728.200000000001,5721.2305,0.9988,STAY_ACTIVE,5721.23046875
6670.199999999999,6665.055,0.9992,STAY_ACTIVE,6665.05517578125
3733.8,3737.5398,0.999,SCALE_DOWN,3000.0
5583.0,5565.7866,0.9969,STAY_ACTIVE,5565.78662109375
7626.0,7617.1836,0.9988,STAY_ACTIVE,7617.18359375
7971.599999999999,7958.9097,0.9984,STAY_ACTIVE,7958.90966796875
11110.2,11125.13,0.9987,STAY_ACTIVE,11125.1298828125
4341.0,4334.6636,0.9985,SCALE_DOWN,3000.0
10469.7,10459.685,0.999,STAY_ACTIVE,10459.6845703125
11628.9,11576.807,0.9955,STAY_ACTIVE,11576.806640625
3788.7,3789.254,0.9999,SCALE_DOWN,3000.0
3906.6,3905.8105,0.9998,SCALE_DOWN,3000.0
5479.8,5495.7773,0.9971,STAY_ACTIVE,5495.77734375
7086.0,7091.448,0.9992,STAY_ACTIVE,7091.4482421875
3324.9,3330.614,0.9983,SCALE_DOWN,3000.0
11289.6,11256.286,0.997,STAY_ACTIVE,11256.2861328125
3412.8,3407.4475,0.9984,SCALE_DOWN,3000.0
5094.6,5115.1855,0.996,STAY_ACTIVE,5115.185546875
4137.3,4133.788,0.9992,SCALE_DOWN,3000.0
5970.9,5991.562,0.9965,STAY_ACTIVE,5991.56201171875
6340.8,6341.565,0.9999,STAY_ACTIVE,6341.56494140625
21000.0,20975.281,0.9988,STAY_ACTIVE,20975.28125
3857.1,3860.8242,0.999,SCALE_DOWN,3000.0
10652.7,10632.256,0.9981,STAY_ACTIVE,10632.255859375
3700.5,3692.8892,0.9979,SCALE_DOWN,3000.0
3435.2999999999997,3431.2356,0.9988,SCALE_DOWN,3000.0
6061.799999999999,6064.604,0.9995,STAY_ACTIVE,6064.60400390625
14325.6,14371.397,0.9968,STAY_ACTIVE,14371.3974609375
3815.7,3814.8499,0.9998,SCALE_DOWN,3000.0
3939.9,3948.1025,0.9979,SCALE_DOWN,3000.0
4441.8,4441.9287,1.0,SCALE_DOWN,3000.0
7182.6,7211.595,0.996,STAY_ACTIVE,7211.59521484375
6473.400000000001,6488.235,0.9977,STAY_ACTIVE,6488.23486328125
20711.1,20785.023,0.9964,STAY_ACTIVE,20785.0234375
19491.6,19637.496,0.9925,STAY_ACTIVE,19637.49609375
4119.6,4127.741,0.998,SCALE_DOWN,3000.0
3444.2999999999997,3443.3215,0.9997,SCALE_DOWN,3000.0
3789.6,3789.518,1.0,SCALE_DOWN,3000.0
4311.9,4317.88,0.9986,SCALE_DOWN,3000.0
6238.200000000001,6199.444,0.9938,STAY_ACTIVE,6199.44384765625
13036.8,13055.532,0.9986,STAY_ACTIVE,13055.5322265625
3333.3,3331.6782,0.9995,SCALE_DOWN,3000.0
10432.2,10408.05,0.9977,STAY_ACTIVE,10408.0498046875
3945.9,3946.6414,0.9998,SCALE_DOWN,3000.0
11573.4,11562.384,0.999,STAY_ACTIVE,11562.3837890625
4846.800000000001,4845.349,0.9997,SCALE_DOWN,3000.0
10236.9,10225.222,0.9989,STAY_ACTIVE,10225.2216796875
3906.3,3908.182,0.9995,SCALE_DOWN,3000.0
5637.9,5643.9937,0.9989,STAY_ACTIVE,5643.99365234375
3517.7999999999997,3523.5251,0.9984,SCALE_DOWN,3000.0
4164.0,4159.3213,0.9989,SCALE_DOWN,3000.0
11652.6,11696.016,0.9963,STAY_ACTIVE,11696.015625
13870.2,13842.727,0.998,STAY_ACTIVE,13842.7265625
6332.700000000001,6294.2383,0.9939,STAY_ACTIVE,6294.23828125
13080.0,13099.408,0.9985,STAY_ACTIVE,13099.408203125
4127.1,4137.3984,0.9975,SCALE_DOWN,3000.0
9840.9,9847.056,0.9994,STAY_ACTIVE,9847.0556640625
12091.8,12134.601,0.9965,STAY_ACTIVE,12134.6005859375
11043.3,11092.897,0.9955,STAY_ACTIVE,11092.8974609375
4827.9,4836.089,0.9983,SCALE_DOWN,3000.0
4533.9,4500.241,0.9926,SCALE_DOWN,3000.0
3812.1,3810.6968,0.9996,SCALE_DOWN,3000.0
8466.3,8462.456,0.9995,STAY_ACTIVE,8462.4560546875
18852.6,18830.16,0.9988,STAY_ACTIVE,18830.16015625
6729.6,6721.5854,0.9988,STAY_ACTIVE,6721.58544921875
14486.7,14488.271,0.9999,STAY_ACTIVE,14488.271484375
12390.6,12371.292,0.9984,STAY_ACTIVE,12371.2919921875
12102.6,12067.363,0.9971,STAY_ACTIVE,12067.36328125
4708.2,4702.4414,0.9988,SCALE_DOWN,3000.0
3764.7,3769.8218,0.9986,SCALE_DOWN,3000.0
3949.8,3952.389,0.9993,SCALE_DOWN,3000.0
4197.3,4205.347,0.9981,SCALE_DOWN,3000.0
4751.4,4758.694,0.9985,SCALE_DOWN,3000.0
6015.299999999999,6007.704,0.9987,STAY_ACTIVE,6007.7041015625
3523.7999999999997,3520.3518,0.999,SCALE_DOWN,3000.0
3810.0,3810.901,0.9998,SCALE_DOWN,3000.0
11467.2,11503.198,0.9969,STAY_ACTIVE,11503.1982421875
18193.8,18067.652,0.9931,STAY_ACTIVE,18067.65234375
3601.8,3608.2046,0.9982,SCALE_DOWN,3000.0
4371.9,4376.419,0.999,SCALE_DOWN,3000.0
3856.8,3859.3699,0.9993,SCALE_DOWN,3000.0
4149.9,4141.078,0.9979,SCALE_DOWN,3000.0
4008.3,4007.354,0.9998,SCALE_DOWN,3000.0
4946.1,4945.827,0.9999,SCALE_DOWN,3000.0
7657.800000000001,7674.5347,0.9978,STAY_ACTIVE,7674.53466796875
3810.0,3810.8496,0.9998,SCALE_DOWN,3000.0
16832.1,16979.56,0.9912,STAY_ACTIVE,16979.560546875
4441.5,4443.238,0.9996,SCALE_DOWN,3000.0
3510.6,3509.7234,0.9998,SCALE_DOWN,3000.0
5587.5,5586.291,0.9998,STAY_ACTIVE,5586.291015625
5061.3,5065.9062,0.9991,STAY_ACTIVE,5065.90625
3927.0,3926.712,0.9999,SCALE_DOWN,3000.0
4185.3,4180.3438,0.9988,SCALE_DOWN,3000.0
4550.700000000001,4562.9453,0.9973,SCALE_DOWN,3000.0
12518.4,12527.584,0.9993,STAY_ACTIVE,12527.583984375
11082.9,11129.012,0.9958,STAY_ACTIVE,11129.01171875
5070.6,5101.825,0.9938,STAY_ACTIVE,5101.8251953125
10093.800000000005,10059.263,0.9966,STAY_ACTIVE,10059.2626953125
3393.2999999999997,3397.4556,0.9988,SCALE_DOWN,3000.0
10738.2,10738.494,1.0,STAY_ACTIVE,10738.494140625
6361.5,6368.202,0.9989,STAY_ACTIVE,6368.2021484375
9034.8,8973.445,0.9932,STAY_ACTIVE,8973.4453125
4593.9,4607.091,0.9971,SCALE_DOWN,3000.0
6015.900000000001,6000.338,0.9974,STAY_ACTIVE,6000.337890625
3720.6,3714.3037,0.9983,SCALE_DOWN,3000.0
3585.9,3582.9587,0.9992,SCALE_DOWN,3000.0
5202.6,5189.6436,0.9975,STAY_ACTIVE,5189.6435546875
4630.5,4619.0967,0.9975,SCALE_DOWN,3000.0
3353.4000000000005,3353.407,1.0,SCALE_DOWN,3000.0
11823.9,11841.548,0.9985,STAY_ACTIVE,11841.5478515625
9710.7,9703.907,0.9993,STAY_ACTIVE,9703.9072265625
4999.5,4985.5264,0.9972,SCALE_DOWN,3000.0
7081.5,7067.843,0.9981,STAY_ACTIVE,7067.8427734375
9315.3,9302.735,0.9987,STAY_ACTIVE,9302.7353515625
8815.8,8840.584,0.9972,STAY_ACTIVE,8840.583984375
3882.6,3884.3274,0.9996,SCALE_DOWN,3000.0
5943.6,5990.811,0.9921,STAY_ACTIVE,5990.81103515625
4553.400000000001,4554.7734,0.9997,SCALE_DOWN,3000.0
4917.9,4911.66,0.9987,SCALE_DOWN,3000.0
7668.3,7655.7827,0.9984,STAY_ACTIVE,7655.78271484375
20109.0,19980.822,0.9936,STAY_ACTIVE,19980.822265625
5009.099999999999,5020.653,0.9977,STAY_ACTIVE,5020.65283203125
3605.099999999999,3611.1646,0.9983,SCALE_DOWN,3000.0
7328.1,7226.482,0.9861,STAY_ACTIVE,7226.48193359375
5161.5,5200.14,0.9925,STAY_ACTIVE,5200.14013671875
9468.3,9457.931,0.9989,STAY_ACTIVE,9457.9306640625
3598.5,3601.676,0.9991,SCALE_DOWN,3000.0
11602.500000000002,11637.495,0.997,STAY_ACTIVE,11637.4951171875
21000.0,21008.928,0.9996,STAY_ACTIVE,21008.927734375
4417.5,4419.2983,0.9996,SCALE_DOWN,3000.0
3324.0,3326.274,0.9993,SCALE_DOWN,3000.0
15515.4,15593.706,0.995,STAY_ACTIVE,15593.7060546875
6289.5,6287.0894,0.9996,STAY_ACTIVE,6287.08935546875
4976.700000000001,4978.5474,0.9996,SCALE_DOWN,3000.0
3951.0,3948.305,0.9993,SCALE_DOWN,3000.0
3412.8,3413.5051,0.9998,SCALE_DOWN,3000.0
12491.4,12362.934,0.9897,STAY_ACTIVE,12362.93359375
6613.5,6613.006,0.9999,STAY_ACTIVE,6613.005859375
4675.8,4680.1494,0.9991,SCALE_DOWN,3000.0
4539.0,4536.444,0.9994,SCALE_DOWN,3000.0
3924.3,3922.9004,0.9996,SCALE_DOWN,3000.0
6917.1,6890.2437,0.9961,STAY_ACTIVE,6890.24365234375
8661.9,8661.284,0.9999,STAY_ACTIVE,8661.2841796875
3774.0,3765.163,0.9977,SCALE_DOWN,3000.0
4876.5,4865.339,0.9977,SCALE_DOWN,3000.0
3633.6,3642.0774,0.9977,SCALE_DOWN,3000.0
14504.7,14454.816,0.9966,STAY_ACTIVE,14454.81640625
4417.5,4419.247,0.9996,SCALE_DOWN,3000.0
3359.0999999999995,3360.1365,0.9997,SCALE_DOWN,3000.0
11135.1,11059.122,0.9932,STAY_ACTIVE,11059.1220703125
17482.800000000003,17584.758,0.9942,STAY_ACTIVE,17584.7578125
3971.4,3982.1812,0.9973,SCALE_DOWN,3000.0
4836.3,4830.09,0.9987,SCALE_DOWN,3000.0
11205.3,11204.235,0.9999,STAY_ACTIVE,11204.2353515625
3892.2,3894.0684,0.9995,SCALE_DOWN,3000.0
4819.8,4815.453,0.9991,SCALE_DOWN,3000.0
3948.900000000001,3946.756,0.9995,SCALE_DOWN,3000.0
9706.8,9688.254,0.9981,STAY_ACTIVE,9688.25390625
3659.4,3662.773,0.9991,SCALE_DOWN,3000.0
16511.7,16584.78,0.9956,STAY_ACTIVE,16584.779296875
10829.1,10866.929,0.9965,STAY_ACTIVE,10866.9287109375
11587.8,11624.893,0.9968,STAY_ACTIVE,11624.892578125
3530.7000000000003,3530.2449,0.9999,SCALE_DOWN,3000.0
4761.3,4767.024,0.9988,SCALE_DOWN,3000.0
11526.6,11508.531,0.9984,STAY_ACTIVE,11508.53125
11331.0,11366.1,0.9969,STAY_ACTIVE,11366.099609375
19455.6,19649.139,0.9901,STAY_ACTIVE,19649.138671875
3408.3,3410.1118,0.9995,SCALE_DOWN,3000.0
4532.1,4529.204,0.9994,SCALE_DOWN,3000.0
3972.0,3976.2505,0.9989,SCALE_DOWN,3000.0
3813.3,3802.6885,0.9972,SCALE_DOWN,3000.0
11577.3,11567.318,0.9991,STAY_ACTIVE,11567.318359375
3414.6000000000004,3409.8184,0.9986,SCALE_DOWN,3000.0
3895.8,3896.786,0.9997,SCALE_DOWN,3000.0
8832.9,8791.306,0.9953,STAY_ACTIVE,8791.3056640625
5243.700000000001,5268.9077,0.9952,STAY_ACTIVE,5268.90771484375
3396.5999999999995,3396.996,0.9999,SCALE_DOWN,3000.0
3856.8,3859.405,0.9993,SCALE_DOWN,3000.0
3664.8,3662.0994,0.9993,SCALE_DOWN,3000.0
9639.3,9611.028,0.9971,STAY_ACTIVE,9611.0283203125
8383.800000000001,8351.838,0.9962,STAY_ACTIVE,8351.837890625
4540.8,4539.3804,0.9997,SCALE_DOWN,3000.0
16608.899999999998,16544.723,0.9961,STAY_ACTIVE,16544.72265625
4311.0,4303.8325,0.9983,SCALE_DOWN,3000.0
4708.2,4723.2334,0.9968,SCALE_DOWN,3000.0
3331.7999999999997,3326.3416,0.9984,SCALE_DOWN,3000.0
4417.5,4419.247,0.9996,SCALE_DOWN,3000.0
4440.0,4437.413,0.9994,SCALE_DOWN,3000.0
12022.500000000002,12029.663,0.9994,STAY_ACTIVE,12029.6630859375
17702.399999999998,17673.838,0.9984,STAY_ACTIVE,17673.837890625
9296.4,9349.04,0.9943,STAY_ACTIVE,9349.0400390625
4536.3,4535.894,0.9999,SCALE_DOWN,3000.0
3791.4,3792.8494,0.9996,SCALE_DOWN,3000.0
4417.5,4419.2637,0.9996,SCALE_DOWN,3000.0
20424.9,20411.66,0.9994,STAY_ACTIVE,20411.66015625
3880.8,3884.5552,0.999,SCALE_DOWN,3000.0
3382.2000000000003,3383.4324,0.9996,SCALE_DOWN,3000.0
6408.3,6412.2563,0.9994,STAY_ACTIVE,6412.25634765625
5703.6,5722.407,0.9967,STAY_ACTIVE,5722.4072265625
7734.0,7758.887,0.9968,STAY_ACTIVE,7758.88720703125
4429.5,4434.5786,0.9989,SCALE_DOWN,3000.0
4816.2,4820.221,0.9992,SCALE_DOWN,3000.0
5215.8,5202.4346,0.9974,STAY_ACTIVE,5202.4345703125
3484.2000000000003,3486.5044,0.9993,SCALE_DOWN,3000.0
3747.0,3735.7046,0.997,SCALE_DOWN,3000.0
4607.7,4612.216,0.999,SCALE_DOWN,3000.0
4088.4,4084.4934,0.999,SCALE_DOWN,3000.0
8181.3,8211.942,0.9963,STAY_ACTIVE,8211.9423828125
3600.9,3593.7646,0.998,SCALE_DOWN,3000.0
3865.8,3872.0063,0.9984,SCALE_DOWN,3000.0
4316.1,4314.601,0.9997,SCALE_DOWN,3000.0
5956.5,5940.793,0.9974,STAY_ACTIVE,5940.79296875
3543.2999999999997,3537.8787,0.9985,SCALE_DOWN,3000.0
4442.700000000001,4442.189,0.9999,SCALE_DOWN,3000.0
17752.800000000003,17802.793,0.9972,STAY_ACTIVE,17802.79296875
4399.2,4402.0757,0.9993,SCALE_DOWN,3000.0
5643.6,5648.512,0.9991,STAY_ACTIVE,5648.51220703125
4451.1,4454.227,0.9993,SCALE_DOWN,3000.0
3534.0,3534.66,0.9998,SCALE_DOWN,3000.0
6009.6,5987.8906,0.9964,STAY_ACTIVE,5987.890625
9156.0,9120.007,0.9961,STAY_ACTIVE,9120.0068359375
5518.200000000001,5502.771,0.9972,STAY_ACTIVE,5502.77099609375
6131.1,6100.052,0.9949,STAY_ACTIVE,6100.0517578125
7279.5,7303.3804,0.9967,STAY_ACTIVE,7303.38037109375
4267.799999999999,4263.2847,0.9989,SCALE_DOWN,3000.0
6431.1,6417.221,0.9978,STAY_ACTIVE,6417.22119140625
5879.4,5871.1714,0.9986,STAY_ACTIVE,5871.17138671875
12491.4,12570.935,0.9936,STAY_ACTIVE,12570.9345703125
5372.4,5377.6226,0.999,STAY_ACTIVE,5377.62255859375
5470.2,5465.7046,0.9992,STAY_ACTIVE,5465.70458984375
4551.9,4553.6646,0.9996,SCALE_DOWN,3000.0
8016.9,7963.098,0.9933,STAY_ACTIVE,7963.09814453125
3833.1,3838.9258,0.9985,SCALE_DOWN,3000.0
17281.2,17337.64,0.9967,STAY_ACTIVE,17337.640625
4418.4,4419.5405,0.9997,SCALE_DOWN,3000.0
5023.200000000001,5034.5776,0.9977,STAY_ACTIVE,5034.57763671875
5229.300000000001,5237.9517,0.9983,STAY_ACTIVE,5237.95166015625
3955.5,3958.787,0.9992,SCALE_DOWN,3000.0
4489.5,4488.6265,0.9998,SCALE_DOWN,3000.0
7010.4,7005.647,0.9993,STAY_ACTIVE,7005.64697265625
3613.2,3618.566,0.9985,SCALE_DOWN,3000.0
4418.4,4419.592,0.9997,SCALE_DOWN,3000.0
3559.7999999999997,3552.0125,0.9978,SCALE_DOWN,3000.0
4443.6,4446.2197,0.9994,SCALE_DOWN,3000.0
9771.9,9709.136,0.9936,STAY_ACTIVE,9709.1357421875
5812.8,5787.84,0.9957,STAY_ACTIVE,5787.83984375
3717.3,3711.2168,0.9984,SCALE_DOWN,3000.0
8282.4,8272.994,0.9989,STAY_ACTIVE,8272.994140625
3645.6,3654.4656,0.9976,SCALE_DOWN,3000.0
10651.2,10682.071,0.9971,STAY_ACTIVE,10682.0712890625
6385.200000000001,6398.8447,0.9979,STAY_ACTIVE,6398.8447265625
7291.500000000001,7259.8687,0.9957,STAY_ACTIVE,7259.86865234375
18489.0,18563.992,0.9959,STAY_ACTIVE,18563.9921875
3968.099999999999,3964.1987,0.999,SCALE_DOWN,3000.0
4879.200000000001,4888.566,0.9981,SCALE_DOWN,3000.0
4845.3,4835.817,0.998,SCALE_DOWN,3000.0
19591.5,19497.928,0.9952,STAY_ACTIVE,19497.927734375
6929.699999999999,6944.833,0.9978,STAY_ACTIVE,6944.8330078125
5567.700000000001,5574.2617,0.9988,STAY_ACTIVE,5574.26171875
7932.9,7896.5146,0.9954,STAY_ACTIVE,7896.5146484375
3387.3,3387.0205,0.9999,SCALE_DOWN,3000.0
6681.000000000001,6659.693,0.9968,STAY_ACTIVE,6659.69287109375
4815.299999999999,4816.726,0.9997,SCALE_DOWN,3000.0
5370.3,5373.71,0.9994,STAY_ACTIVE,5373.7099609375
3807.9,3816.8296,0.9977,SCALE_DOWN,3000.0
6982.5,7032.2285,0.9929,STAY_ACTIVE,7032.228515625
8332.800000000001,8355.9375,0.9972,STAY_ACTIVE,8355.9375
3612.6,3622.7173,0.9972,SCALE_DOWN,3000.0
8678.1,8704.27,0.997,STAY_ACTIVE,8704.26953125
8408.1,8401.231,0.9992,STAY_ACTIVE,8401.2314453125
6065.4,6090.663,0.9958,STAY_ACTIVE,6090.6630859375
3348.6,3349.9526,0.9996,SCALE_DOWN,3000.0
7010.700000000001,7024.2095,0.9981,STAY_ACTIVE,7024.20947265625
3324.0,3326.2388,0.9993,SCALE_DOWN,3000.0
8421.599999999999,8343.9,0.9908,STAY_ACTIVE,8343.900390625
3625.5,3616.723,0.9976,SCALE_DOWN,3000.0
13645.2,13636.458,0.9994,STAY_ACTIVE,13636.4580078125
9706.8,9652.668,0.9944,STAY_ACTIVE,9652.66796875
6072.6,6081.84,0.9985,STAY_ACTIVE,6081.83984375
7639.5,7658.8496,0.9975,STAY_ACTIVE,7658.849609375
5605.5,5610.382,0.9991,STAY_ACTIVE,5610.3818359375
4000.2,4002.2883,0.9995,SCALE_DOWN,3000.0
3703.8,3708.2202,0.9988,SCALE_DOWN,3000.0
9307.2,9282.596,0.9974,STAY_ACTIVE,9282.595703125
4927.8,4921.376,0.9987,SCALE_DOWN,3000.0
5163.3,5139.3003,0.9954,STAY_ACTIVE,5139.30029296875
7934.1,7972.1294,0.9952,STAY_ACTIVE,7972.12939453125
4162.2,4162.598,0.9999,SCALE_DOWN,3000.0
3512.1000000000004,3509.7395,0.9993,SCALE_DOWN,3000.0
4180.8,4184.7656,0.9991,SCALE_DOWN,3000.0
3786.6,3788.7764,0.9994,SCALE_DOWN,3000.0
8414.7,8435.529,0.9975,STAY_ACTIVE,8435.529296875
19720.2,19564.412,0.9921,STAY_ACTIVE,19564.412109375
19315.2,19467.164,0.9921,STAY_ACTIVE,19467.1640625
3882.9,3878.9854,0.999,SCALE_DOWN,3000.0
4009.8,4017.9956,0.998,SCALE_DOWN,3000.0
4401.9,4399.618,0.9995,SCALE_DOWN,3000.0
3631.2,3628.8362,0.9993,SCALE_DOWN,3000.0
4580.4,4577.325,0.9993,SCALE_DOWN,3000.0
5082.3,5093.9204,0.9977,STAY_ACTIVE,5093.92041015625
4374.6,4379.525,0.9989,SCALE_DOWN,3000.0
13020.9,12912.091,0.9916,STAY_ACTIVE,12912.0908203125
4615.5,4613.4033,0.9995,SCALE_DOWN,3000.0
3619.8,3612.1482,0.9979,SCALE_DOWN,3000.0
15406.499999999998,15585.903,0.9884,STAY_ACTIVE,15585.9033203125
9293.7,9262.379,0.9966,STAY_ACTIVE,9262.37890625
17765.4,17672.635,0.9948,STAY_ACTIVE,17672.634765625
4881.0,4892.3,0.9977,SCALE_DOWN,3000.0
4144.8,4139.9507,0.9988,SCALE_DOWN,3000.0
3369.9000000000005,3366.8357,0.9991,SCALE_DOWN,3000.0
3557.1000000000004,3565.8252,0.9975,SCALE_DOWN,3000.0
3472.2000000000003,3468.3994,0.9989,SCALE_DOWN,3000.0
18907.500000000004,18925.377,0.9991,STAY_ACTIVE,18925.376953125
4239.6,4232.2207,0.9983,SCALE_DOWN,3000.0
4906.200000000001,4903.8823,0.9995,SCALE_DOWN,3000.0
3674.4,3673.5781,0.9998,SCALE_DOWN,3000.0
8755.5,8729.602,0.997,STAY_ACTIVE,8729.6015625
3867.0,3869.5618,0.9993,SCALE_DOWN,3000.0
4459.8,4464.847,0.9989,SCALE_DOWN,3000.0
4440.900000000001,4441.9634,0.9998,SCALE_DOWN,3000.0
6482.1,6510.786,0.9956,STAY_ACTIVE,6510.7861328125
3968.7,3968.8364,1.0,SCALE_DOWN,3000.0
11339.4,11404.028,0.9943,STAY_ACTIVE,11404.0283203125
4131.6,4133.2295,0.9996,SCALE_DOWN,3000.0
3642.3,3637.2156,0.9986,SCALE_DOWN,3000.0
5379.6,5379.4185,1.0,STAY_ACTIVE,5379.41845703125
12437.1,12467.125,0.9976,STAY_ACTIVE,12467.125
3969.6,3966.631,0.9993,SCALE_DOWN,3000.0
7178.700000000001,7184.2075,0.9992,STAY_ACTIVE,7184.20751953125
9183.0,9198.41,0.9983,STAY_ACTIVE,9198.41015625
4495.8,4494.415,0.9997,SCALE_DOWN,3000.0
7348.8,7326.872,0.997,STAY_ACTIVE,7326.8720703125
7302.000000000001,7303.81,0.9998,STAY_ACTIVE,7303.81005859375
3509.4,3517.6187,0.9977,SCALE_DOWN,3000.0
5637.3,5642.9854,0.999,STAY_ACTIVE,5642.9853515625
7872.000000000001,7863.84,0.999,STAY_ACTIVE,7863.83984375
7664.700000000001,7651.656,0.9983,STAY_ACTIVE,7651.65576171875
4894.5,4887.422,0.9986,SCALE_DOWN,3000.0
3826.8,3830.484,0.999,SCALE_DOWN,3000.0
4931.4,4933.5723,0.9996,SCALE_DOWN,3000.0
4470.6,4472.62,0.9995,SCALE_DOWN,3000.0
4243.200000000001,4251.6084,0.998,SCALE_DOWN,3000.0
3810.0,3810.901,0.9998,SCALE_DOWN,3000.0
3849.0,3848.924,1.0,SCALE_DOWN,3000.0
4348.2,4346.4746,0.9996,SCALE_DOWN,3000.0
5197.200000000001,5197.3286,1.0,STAY_ACTIVE,5197.32861328125
3352.2000000000003,3352.2075,1.0,SCALE_DOWN,3000.0
3803.400000000001,3802.855,0.9999,SCALE_DOWN,3000.0
3858.9,3860.6572,0.9995,SCALE_DOWN,3000.0
8418.0,8417.319,0.9999,STAY_ACTIVE,8417.3193359375
4116.9,4108.199,0.9979,SCALE_DOWN,3000.0
10576.5,10504.069,0.9932,STAY_ACTIVE,10504.0693359375
5687.4,5663.314,0.9958,STAY_ACTIVE,5663.31396484375
20131.5,20165.621,0.9983,STAY_ACTIVE,20165.62109375
3670.5,3676.423,0.9984,SCALE_DOWN,3000.0
3746.1,3745.4836,0.9998,SCALE_DOWN,3000.0
14700.9,14819.82,0.9919,STAY_ACTIVE,14819.8203125
4554.0,4549.5786,0.999,SCALE_DOWN,3000.0
7159.799999999999,7203.7314,0.9939,STAY_ACTIVE,7203.7314453125
10918.2,10918.052,1.0,STAY_ACTIVE,10918.0517578125
5372.700000000001,5374.552,0.9997,STAY_ACTIVE,5374.5517578125
7113.0,7072.035,0.9942,STAY_ACTIVE,7072.03515625
3980.4,3980.9246,0.9999,SCALE_DOWN,3000.0
6435.3,6434.5376,0.9999,STAY_ACTIVE,6434.53759765625
7378.5,7375.6753,0.9996,STAY_ACTIVE,7375.67529296875
5755.5,5747.739,0.9987,STAY_ACTIVE,5747.73876953125
7932.9,7920.7207,0.9985,STAY_ACTIVE,7920.720703125
3467.7000000000003,3472.7654,0.9985,SCALE_DOWN,3000.0
5568.0,5564.7256,0.9994,STAY_ACTIVE,5564.7255859375
3405.0,3407.396,0.9993,SCALE_DOWN,3000.0
3324.0,3326.2434,0.9993,SCALE_DOWN,3000.0
20622.0,20701.72,0.9961,STAY_ACTIVE,20701.720703125
5916.0,5942.414,0.9955,STAY_ACTIVE,5942.4140625
19336.800000000003,19383.912,0.9976,STAY_ACTIVE,19383.912109375
4067.7,4067.2952,0.9999,SCALE_DOWN,3000.0
18877.800000000003,18919.188,0.9978,STAY_ACTIVE,18919.1875
4070.4,4082.9946,0.9969,SCALE_DOWN,3000.0
3838.2,3838.8599,0.9998,SCALE_DOWN,3000.0
10380.6,10373.562,0.9993,STAY_ACTIVE,10373.5615234375
5754.9,5756.834,0.9997,STAY_ACTIVE,5756.833984375
3366.2999999999997,3370.156,0.9989,SCALE_DOWN,3000.0
3831.9,3826.5803,0.9986,SCALE_DOWN,3000.0
9014.1,9024.669,0.9988,STAY_ACTIVE,9024.6689453125
5103.299999999999,5093.6807,0.9981,STAY_ACTIVE,5093.6806640625
6277.799999999999,6270.1226,0.9988,STAY_ACTIVE,6270.12255859375
3822.6,3819.2158,0.9991,SCALE_DOWN,3000.0
12136.8,12180.265,0.9964,STAY_ACTIVE,12180.2646484375
10437.6,10448.066,0.999,STAY_ACTIVE,10448.06640625
3413.7000000000003,3415.3743,0.9995,SCALE_DOWN,3000.0
10515.0,10475.703,0.9963,STAY_ACTIVE,10475.703125
4316.7,4314.34,0.9995,SCALE_DOWN,3000.0
3693.3,3701.3813,0.9978,SCALE_DOWN,3000.0
6960.9,6933.241,0.996,STAY_ACTIVE,6933.2412109375
4410.6,4402.6763,0.9982,SCALE_DOWN,3000.0
8348.7,8330.045,0.9978,STAY_ACTIVE,8330.044921875
3972.3,3984.3572,0.997,SCALE_DOWN,3000.0
4441.8,4441.9287,1.0,SCALE_DOWN,3000.0
5494.8,5476.8994,0.9967,STAY_ACTIVE,5476.8994140625
3757.8,3763.902,0.9984,SCALE_DOWN,3000.0
3395.1000000000004,3398.844,0.9989,SCALE_DOWN,3000.0
6933.0,6937.2383,0.9994,STAY_ACTIVE,6937.23828125
21000.0,21006.621,0.9997,STAY_ACTIVE,21006.62109375
3608.4,3614.861,0.9982,SCALE_DOWN,3000.0
9754.8,9751.294,0.9996,STAY_ACTIVE,9751.2939453125
3797.1,3797.769,0.9998,SCALE_DOWN,3000.0
5054.7,5057.1064,0.9995,STAY_ACTIVE,5057.1064453125
17413.5,17315.365,0.9944,STAY_ACTIVE,17315.365234375
3349.5,3349.8499,0.9999,SCALE_DOWN,3000.0
6861.9,6846.624,0.9978,STAY_ACTIVE,6846.6240234375
4000.2,4003.7603,0.9991,SCALE_DOWN,3000.0
3610.5,3610.6375,1.0,SCALE_DOWN,3000.0
19483.5,19560.16,0.9961,STAY_ACTIVE,19560.16015625
5215.5,5227.8193,0.9976,STAY_ACTIVE,5227.8193359375
7872.6,7881.7744,0.9988,STAY_ACTIVE,7881.7744140625
4808.700000000001,4802.9336,0.9988,SCALE_DOWN,3000.0
9101.1,9093.699,0.9992,STAY_ACTIVE,9093.69921875
4560.6,4560.282,0.9999,SCALE_DOWN,3000.0
3549.6000000000004,3541.8086,0.9978,SCALE_DOWN,3000.0
6045.6,6039.662,0.999,STAY_ACTIVE,6039.662109375
3332.4000000000005,3330.614,0.9995,SCALE_DOWN,3000.0
12772.2,12799.043,0.9979,STAY_ACTIVE,12799.04296875
3979.2,3975.9968,0.9992,SCALE_DOWN,3000.0
3810.0,3810.8657,0.9998,SCALE_DOWN,3000.0
8808.6,8826.2,0.998,STAY_ACTIVE,8826.2001953125
6894.6,6863.0024,0.9954,STAY_ACTIVE,6863.00244140625
12253.8,12300.446,0.9962,STAY_ACTIVE,12300.4462890625
3991.2,3995.2266,0.999,SCALE_DOWN,3000.0
3821.1,3810.2168,0.9972,SCALE_DOWN,3000.0
4534.5,4533.575,0.9998,SCALE_DOWN,3000.0
7923.0,7915.982,0.9991,STAY_ACTIVE,7915.98193359375
4417.5,4419.247,0.9996,SCALE_DOWN,3000.0
3751.8,3755.8257,0.9989,SCALE_DOWN,3000.0
13115.4,13127.584,0.9991,STAY_ACTIVE,13127.583984375
4264.8,4262.2417,0.9994,SCALE_DOWN,3000.0
3497.1000000000004,3498.7632,0.9995,SCALE_DOWN,3000.0
4032.6,4037.2393,0.9988,SCALE_DOWN,3000.0
11608.5,11630.783,0.9981,STAY_ACTIVE,11630.783203125
6061.200000000001,6076.2456,0.9975,STAY_ACTIVE,6076.24560546875
3481.5,3484.861,0.999,SCALE_DOWN,3000.0
3654.3,3654.3708,1.0,SCALE_DOWN,3000.0
16040.100000000002,16030.5625,0.9994,STAY_ACTIVE,16030.5625
6714.9,6736.794,0.9967,STAY_ACTIVE,6736.7939453125
5331.9,5369.051,0.993,STAY_ACTIVE,5369.05078125
5918.7,5946.9463,0.9952,STAY_ACTIVE,5946.9462890625
5070.0,5077.755,0.9985,STAY_ACTIVE,5077.7548828125
3670.5,3655.5107,0.9959,SCALE_DOWN,3000.0
4084.8,4083.1562,0.9996,SCALE_DOWN,3000.0
6051.0,6073.011,0.9964,STAY_ACTIVE,6073.01123046875
4516.5,4517.9844,0.9997,SCALE_DOWN,3000.0
9761.1,9823.57,0.9936,STAY_ACTIVE,9823.5703125
14853.000000000002,14736.6,0.9922,STAY_ACTIVE,14736.599609375
6960.0,6974.7456,0.9979,STAY_ACTIVE,6974.74560546875
6826.8,6802.376,0.9964,STAY_ACTIVE,6802.3759765625
6772.5,6726.3496,0.9932,STAY_ACTIVE,6726.349609375
4020.0,4024.3591,0.9989,SCALE_DOWN,3000.0
10359.3,10323.008,0.9965,STAY_ACTIVE,10323.0078125
3340.7999999999997,3342.258,0.9996,SCALE_DOWN,3000.0
19722.0,19518.557,0.9897,STAY_ACTIVE,19518.556640625
4741.5,4755.9004,0.997,SCALE_DOWN,3000.0
3356.4,3357.9155,0.9995,SCALE_DOWN,3000.0
21000.0,21009.092,0.9996,STAY_ACTIVE,21009.091796875
6810.9,6765.7217,0.9934,STAY_ACTIVE,6765.7216796875
5667.6,5652.163,0.9973,STAY_ACTIVE,5652.1630859375
9435.0,9434.22,0.9999,STAY_ACTIVE,9434.2197265625
3816.0,3825.0686,0.9976,SCALE_DOWN,3000.0
10212.0,10208.167,0.9996,STAY_ACTIVE,10208.1669921875
5538.0,5521.1714,0.997,STAY_ACTIVE,5521.17138671875
16216.5,16132.998,0.9949,STAY_ACTIVE,16132.998046875
6401.1,6436.443,0.9945,STAY_ACTIVE,6436.44287109375
14194.2,14274.98,0.9943,STAY_ACTIVE,14274.98046875
3512.1000000000004,3509.7747,0.9993,SCALE_DOWN,3000.0
4389.9,4390.211,0.9999,SCALE_DOWN,3000.0
18759.9,18740.803,0.999,STAY_ACTIVE,18740.802734375
10597.2,10620.631,0.9978,STAY_ACTIVE,10620.630859375
5106.3,5054.7383,0.9899,STAY_ACTIVE,5054.73828125
10893.9,10853.578,0.9963,STAY_ACTIVE,10853.578125
6490.200000000001,6470.078,0.9969,STAY_ACTIVE,6470.078125
7811.700000000001,7813.716,0.9997,STAY_ACTIVE,7813.7158203125
3455.7000000000003,3457.7065,0.9994,SCALE_DOWN,3000.0
8409.0,8403.484,0.9993,STAY_ACTIVE,8403.484375
7516.200000000001,7494.477,0.9971,STAY_ACTIVE,7494.47705078125
14764.8,14842.888,0.9947,STAY_ACTIVE,14842.8876953125
4174.2,4168.12,0.9985,SCALE_DOWN,3000.0
3637.8,3639.6843,0.9995,SCALE_DOWN,3000.0
7655.700000000001,7669.889,0.9981,STAY_ACTIVE,7669.88916015625
13763.1,13708.331,0.996,STAY_ACTIVE,13708.3310546875
7121.1,7104.534,0.9977,STAY_ACTIVE,7104.5341796875
10499.7,10478.623,0.998,STAY_ACTIVE,10478.623046875
4239.9,4234.111,0.9986,SCALE_DOWN,3000.0
3349.8,3349.9878,0.9999,SCALE_DOWN,3000.0
20980.199999999997,20666.508,0.985,STAY_ACTIVE,20666.5078125
4724.4,4722.5996,0.9996,SCALE_DOWN,3000.0
11729.1,11768.469,0.9966,STAY_ACTIVE,11768.46875
4857.6,4872.251,0.997,SCALE_DOWN,3000.0
4566.0,4568.847,0.9994,SCALE_DOWN,3000.0
9572.4,9611.049,0.996,STAY_ACTIVE,9611.048828125
4377.6,4365.2856,0.9972,SCALE_DOWN,3000.0
3680.4,3686.2363,0.9984,SCALE_DOWN,3000.0
8691.9,8680.719,0.9987,STAY_ACTIVE,8680.71875
5959.2,5932.6567,0.9955,STAY_ACTIVE,5932.65673828125
5105.1,5118.353,0.9974,STAY_ACTIVE,5118.35302734375
10302.0,10321.229,0.9981,STAY_ACTIVE,10321.228515625
4747.8,4760.513,0.9973,SCALE_DOWN,3000.0
4881.299999999999,4872.979,0.9983,SCALE_DOWN,3000.0
18038.1,17959.86,0.9957,STAY_ACTIVE,17959.859375
3453.0,3454.7996,0.9995,SCALE_DOWN,3000.0
8614.2,8597.716,0.9981,STAY_ACTIVE,8597.7158203125
6561.6,6578.4893,0.9974,STAY_ACTIVE,6578.4892578125
8073.900000000001,8075.015,0.9999,STAY_ACTIVE,8075.01513671875
3702.6,3693.077,0.9974,SCALE_DOWN,3000.0
12798.3,12783.084,0.9988,STAY_ACTIVE,12783.083984375
16407.3,16489.348,0.995,STAY_ACTIVE,16489.34765625
9918.3,10006.069,0.9912,STAY_ACTIVE,10006.0693359375
15907.8,16028.028,0.9924,STAY_ACTIVE,16028.0283203125
10845.3,10828.385,0.9984,STAY_ACTIVE,10828.384765625
8843.699999999999,8892.886,0.9944,STAY_ACTIVE,8892.8857421875
11590.8,11671.468,0.993,STAY_ACTIVE,11671.4677734375
9005.7,9007.281,0.9998,STAY_ACTIVE,9007.28125
12016.2,12065.585,0.9959,STAY_ACTIVE,12065.5849609375
3463.2000000000003,3468.866,0.9984,SCALE_DOWN,3000.0
3503.7,3512.8218,0.9974,SCALE_DOWN,3000.0
5182.8,5189.905,0.9986,STAY_ACTIVE,5189.90478515625
5132.4,5136.1445,0.9993,STAY_ACTIVE,5136.14453125
5856.6,5876.019,0.9967,STAY_ACTIVE,5876.01904296875
3578.1000000000004,3572.2644,0.9984,SCALE_DOWN,3000.0
4659.0,4660.772,0.9996,SCALE_DOWN,3000.0
12649.2,12690.073,0.9968,STAY_ACTIVE,12690.0732421875
5196.9,5200.916,0.9992,STAY_ACTIVE,5200.916015625
4323.0,4326.865,0.9991,SCALE_DOWN,3000.0
3378.6,3381.1099,0.9993,SCALE_DOWN,3000.0
4956.6,4969.6733,0.9974,SCALE_DOWN,3000.0
3930.9,3933.949,0.9992,SCALE_DOWN,3000.0
9111.0,9043.2,0.9926,STAY_ACTIVE,9043.2001953125
10919.1,10903.635,0.9986,STAY_ACTIVE,10903.634765625
10525.8,10513.3125,0.9988,STAY_ACTIVE,10513.3125
3681.6,3673.6133,0.9978,SCALE_DOWN,3000.0
13088.1,13101.678,0.999,STAY_ACTIVE,13101.677734375
4442.700000000001,4442.189,0.9999,SCALE_DOWN,3000.0
18917.4,18943.133,0.9986,STAY_ACTIVE,18943.1328125
5759.1,5738.211,0.9964,STAY_ACTIVE,5738.2109375
4087.5,4092.2751,0.9988,SCALE_DOWN,3000.0
18663.6,18725.8,0.9967,STAY_ACTIVE,18725.80078125
3936.9,3939.5818,0.9993,SCALE_DOWN,3000.0
5946.300000000001,5949.6543,0.9994,STAY_ACTIVE,5949.654296875
11722.8,11663.991,0.995,STAY_ACTIVE,11663.9912109375
3481.5,3476.1428,0.9985,SCALE_DOWN,3000.0
4276.5,4272.108,0.999,SCALE_DOWN,3000.0
3492.9,3492.5435,0.9999,SCALE_DOWN,3000.0
15705.3,15857.51,0.9903,STAY_ACTIVE,15857.509765625
5790.0,5803.7563,0.9976,STAY_ACTIVE,5803.75634765625
3484.7999999999997,3487.802,0.9991,SCALE_DOWN,3000.0
3581.1000000000004,3580.029,0.9997,SCALE_DOWN,3000.0
3802.2,3811.507,0.9976,SCALE_DOWN,3000.0
3799.5,3796.227,0.9991,SCALE_DOWN,3000.0
4827.9,4824.705,0.9993,SCALE_DOWN,3000.0
9814.8,9840.635,0.9974,STAY_ACTIVE,9840.634765625
21000.0,21005.02,0.9998,STAY_ACTIVE,21005.01953125
9147.0,9151.598,0.9995,STAY_ACTIVE,9151.59765625
12051.0,11995.38,0.9954,STAY_ACTIVE,11995.3798828125
3324.0,3326.1497,0.9994,SCALE_DOWN,3000.0
4831.799999999999,4821.2153,0.9978,SCALE_DOWN,3000.0
13377.9,13439.833,0.9954,STAY_ACTIVE,13439.8330078125
7726.8,7704.484,0.9971,STAY_ACTIVE,7704.48388671875
8983.5,8984.056,0.9999,STAY_ACTIVE,8984.0556640625
14820.6,14710.668,0.9926,STAY_ACTIVE,14710.66796875
4111.5,4104.7695,0.9984,SCALE_DOWN,3000.0
4161.6,4159.8794,0.9996,SCALE_DOWN,3000.0
10950.0,10965.359,0.9986,STAY_ACTIVE,10965.359375
3675.0,3678.0847,0.9992,SCALE_DOWN,3000.0
3783.6,3793.2832,0.9974,SCALE_DOWN,3000.0
4935.0,4935.9644,0.9998,SCALE_DOWN,3000.0
4493.4,4491.5454,0.9996,SCALE_DOWN,3000.0
10706.7,10711.446,0.9996,STAY_ACTIVE,10711.4462890625
4041.0,4053.7769,0.9968,SCALE_DOWN,3000.0
3419.4,3420.1711,0.9998,SCALE_DOWN,3000.0
7628.1,7572.6934,0.9927,STAY_ACTIVE,7572.693359375
3810.0,3810.901,0.9998,SCALE_DOWN,3000.0
3560.7000000000003,3565.4795,0.9987,SCALE_DOWN,3000.0
4375.8,4368.4546,0.9983,SCALE_DOWN,3000.0
14358.000000000002,14329.993,0.998,STAY_ACTIVE,14329.9931640625
3541.5,3541.8438,0.9999,SCALE_DOWN,3000.0
4224.6,4217.8687,0.9984,SCALE_DOWN,3000.0
8215.5,8215.295,1.0,STAY_ACTIVE,8215.294921875
4418.4,4419.592,0.9997,SCALE_DOWN,3000.0
7137.0,7112.1167,0.9965,STAY_ACTIVE,7112.11669921875
18462.9,18604.031,0.9924,STAY_ACTIVE,18604.03125
5015.1,5010.476,0.9991,STAY_ACTIVE,5010.47607421875
3431.1000000000004,3433.172,0.9994,SCALE_DOWN,3000.0
16449.600000000002,16468.617,0.9988,STAY_ACTIVE,16468.6171875
7828.5,7789.0366,0.995,STAY_ACTIVE,7789.03662109375
11610.3,11654.681,0.9962,STAY_ACTIVE,11654.6806640625
10813.8,10740.395,0.9932,STAY_ACTIVE,10740.39453125
3810.0,3810.8657,0.9998,SCALE_DOWN,3000.0
6965.4,6891.9834,0.9895,STAY_ACTIVE,6891.9833984375
16024.8,16072.136,0.997,STAY_ACTIVE,16072.1357421875
4825.2,4839.069,0.9971,SCALE_DOWN,3000.0
3715.8,3707.1858,0.9977,SCALE_DOWN,3000.0
3349.2,3349.9526,0.9998,SCALE_DOWN,3000.0
4872.9,4861.967,0.9978,SCALE_DOWN,3000.0
4441.8,4441.912,1.0,SCALE_DOWN,3000.0
3981.9,3976.687,0.9987,SCALE_DOWN,3000.0
4057.5,4056.7134,0.9998,SCALE_DOWN,3000.0
5179.8,5192.348,0.9976,STAY_ACTIVE,5192.34814453125
11100.000000000002,11141.325,0.9963,STAY_ACTIVE,11141.3251953125
3324.0,3326.1497,0.9994,SCALE_DOWN,3000.0
3721.2,3728.5156,0.998,SCALE_DOWN,3000.0
8430.0,8441.394,0.9986,STAY_ACTIVE,8441.3935546875
3953.7,3948.7722,0.9988,SCALE_DOWN,3000.0
15006.000000000002,14890.025,0.9923,STAY_ACTIVE,14890.025390625
13063.8,13033.294,0.9977,STAY_ACTIVE,13033.2939453125
5056.5,5057.411,0.9998,STAY_ACTIVE,5057.4111328125
3324.0,3326.2388,0.9993,SCALE_DOWN,3000.0
3469.7999999999997,3475.673,0.9983,SCALE_DOWN,3000.0
8685.900000000001,8640.926,0.9948,STAY_ACTIVE,8640.92578125
17546.7,17582.385,0.998,STAY_ACTIVE,17582.384765625
3466.2,3470.3997,0.9988,SCALE_DOWN,3000.0
8055.299999999999,8085.732,0.9962,STAY_ACTIVE,8085.73193359375
3341.4,3342.3608,0.9997,SCALE_DOWN,3000.0
11349.3,11384.08,0.9969,STAY_ACTIVE,11384.080078125
4636.200000000001,4634.2188,0.9996,SCALE_DOWN,3000.0
4141.5,4147.529,0.9985,SCALE_DOWN,3000.0
3349.5,3349.9058,0.9999,SCALE_DOWN,3000.0
4068.3,4067.2812,0.9997,SCALE_DOWN,3000.0
6911.700000000001,6887.188,0.9965,STAY_ACTIVE,6887.18798828125
3895.2,3883.5435,0.997,SCALE_DOWN,3000.0
3324.0,3326.1497,0.9994,SCALE_DOWN,3000.0
3862.8,3864.6436,0.9995,SCALE_DOWN,3000.0
11685.9,11672.932,0.9989,STAY_ACTIVE,11672.931640625
9016.5,9053.74,0.9959,STAY_ACTIVE,9053.740234375
4034.7,4033.909,0.9998,SCALE_DOWN,3000.0
4960.200000000001,4959.2373,0.9998,SCALE_DOWN,3000.0
6922.2,6948.561,0.9962,STAY_ACTIVE,6948.56103515625
18966.000000000004,18844.701,0.9936,STAY_ACTIVE,18844.701171875
4859.700000000001,4861.2305,0.9997,SCALE_DOWN,3000.0
5207.1,5193.9043,0.9975,STAY_ACTIVE,5193.904296875
9840.0,9845.719,0.9994,STAY_ACTIVE,9845.71875
8902.199999999999,8884.714,0.998,STAY_ACTIVE,8884.7138671875
9101.1,9162.339,0.9933,STAY_ACTIVE,9162.3388671875
16776.300000000003,16761.598,0.9991,STAY_ACTIVE,16761.59765625
3477.9,3481.5854,0.9989,SCALE_DOWN,3000.0
7782.3,7755.658,0.9966,STAY_ACTIVE,7755.658203125
7671.9,7686.714,0.9981,STAY_ACTIVE,7686.7138671875
3741.3,3746.6062,0.9986,SCALE_DOWN,3000.0
10522.2,10488.974,0.9968,STAY_ACTIVE,10488.9736328125
7891.5,7954.992,0.992,STAY_ACTIVE,7954.9921875
4856.700000000001,4861.1724,0.9991,SCALE_DOWN,3000.0
4816.5,4817.812,0.9997,SCALE_DOWN,3000.0
5293.200000000001,5278.1704,0.9972,STAY_ACTIVE,5278.17041015625
12154.8,12194.707,0.9967,STAY_ACTIVE,12194.70703125
8885.1,8865.7295,0.9978,STAY_ACTIVE,8865.7294921875
5502.6,5510.0376,0.9986,STAY_ACTIVE,5510.03759765625
8886.9,8839.088,0.9946,STAY_ACTIVE,8839.087890625
17221.800000000003,17259.518,0.9978,STAY_ACTIVE,17259.517578125
5004.6,5020.344,0.9969,STAY_ACTIVE,5020.34423828125
3903.9,3905.8318,0.9995,SCALE_DOWN,3000.0
3948.900000000001,3951.8667,0.9992,SCALE_DOWN,3000.0
7092.300000000001,7098.0435,0.9992,STAY_ACTIVE,7098.04345703125
5622.6,5611.791,0.9981,STAY_ACTIVE,5611.791015625
4417.5,4419.2983,0.9996,SCALE_DOWN,3000.0
4114.200000000001,4124.715,0.9974,SCALE_DOWN,3000.0
4900.2,4928.3784,0.9942,SCALE_DOWN,3000.0
6510.3,6481.412,0.9956,STAY_ACTIVE,6481.412109375
3914.7,3913.5422,0.9997,SCALE_DOWN,3000.0
4785.6,4789.376,0.9992,SCALE_DOWN,3000.0
6326.4,6341.935,0.9975,STAY_ACTIVE,6341.93505859375
7654.5,7671.4727,0.9978,STAY_ACTIVE,7671.47265625
21000.0,20995.436,0.9998,STAY_ACTIVE,20995.435546875
3667.8,3673.0989,0.9986,SCALE_DOWN,3000.0
12854.1,12878.518,0.9981,STAY_ACTIVE,12878.517578125
11494.2,11468.813,0.9978,STAY_ACTIVE,11468.8134765625
12016.2,12057.425,0.9966,STAY_ACTIVE,12057.4248046875
6391.5,6388.1367,0.9995,STAY_ACTIVE,6388.13671875
6627.9,6617.507,0.9984,STAY_ACTIVE,6617.5068359375
4238.4,4235.371,0.9993,SCALE_DOWN,3000.0
3393.6000000000004,3397.2285,0.9989,SCALE_DOWN,3000.0
11379.9,11372.438,0.9993,STAY_ACTIVE,11372.4384765625
4037.4,4041.2153,0.9991,SCALE_DOWN,3000.0
14914.2,14851.665,0.9958,STAY_ACTIVE,14851.6650390625
9942.000000000002,9982.518,0.9959,STAY_ACTIVE,9982.517578125
20327.7,20242.889,0.9958,STAY_ACTIVE,20242.888671875
3903.0,3897.1545,0.9985,SCALE_DOWN,3000.0
12208.2,12230.481,0.9982,STAY_ACTIVE,12230.4814453125
6350.700000000001,6369.132,0.9971,STAY_ACTIVE,6369.1318359375
3786.3,3779.8027,0.9983,SCALE_DOWN,3000.0
21000.0,21014.502,0.9993,STAY_ACTIVE,21014.501953125
5279.7,5260.996,0.9965,STAY_ACTIVE,5260.99609375
7941.000000000001,7991.316,0.9937,STAY_ACTIVE,7991.31591796875
17568.300000000003,17500.035,0.9961,STAY_ACTIVE,17500.03515625
3571.5,3574.931,0.999,SCALE_DOWN,3000.0
4524.9,4519.3506,0.9988,SCALE_DOWN,3000.0
3943.2,3937.9434,0.9987,SCALE_DOWN,3000.0
6667.5,6652.6274,0.9978,STAY_ACTIVE,6652.62744140625
3640.8,3642.0852,0.9996,SCALE_DOWN,3000.0
16232.7,16100.316,0.9918,STAY_ACTIVE,16100.31640625
10684.5,10719.367,0.9967,STAY_ACTIVE,10719.3671875
3363.0,3363.3455,0.9999,SCALE_DOWN,3000.0
4618.200000000001,4613.84,0.9991,SCALE_DOWN,3000.0
11577.9,11487.395,0.9922,STAY_ACTIVE,11487.39453125
3324.2999999999997,3326.3767,0.9994,SCALE_DOWN,3000.0
3324.0,3326.1497,0.9994,SCALE_DOWN,3000.0
12868.500000000002,12899.69,0.9976,STAY_ACTIVE,12899.6904296875
7770.300000000001,7774.8066,0.9994,STAY_ACTIVE,7774.806640625
4445.4,4446.322,0.9998,SCALE_DOWN,3000.0
4489.5,4488.6265,0.9998,SCALE_DOWN,3000.0
3325.5,3330.598,0.9985,SCALE_DOWN,3000.0
9188.4,9170.823,0.9981,STAY_ACTIVE,9170.8232421875
5007.9,5011.0146,0.9994,STAY_ACTIVE,5011.0146484375
5554.200000000001,5537.453,0.997,STAY_ACTIVE,5537.453125
3946.2,3941.1985,0.9987,SCALE_DOWN,3000.0
6338.4,6335.916,0.9996,STAY_ACTIVE,6335.916015625
4646.4,4628.687,0.9962,SCALE_DOWN,3000.0
5469.0,5476.5776,0.9986,STAY_ACTIVE,5476.57763671875
5096.700000000001,5089.5938,0.9986,STAY_ACTIVE,5089.59375
4403.1,4396.281,0.9985,SCALE_DOWN,3000.0
4539.9,4539.415,0.9999,SCALE_DOWN,3000.0
5521.200000000001,5501.165,0.9964,STAY_ACTIVE,5501.1650390625
9132.6,9093.991,0.9958,STAY_ACTIVE,9093.9912109375
10969.5,11033.098,0.9942,STAY_ACTIVE,11033.09765625
4139.7,4147.494,0.9981,SCALE_DOWN,3000.0
4152.0,4156.048,0.999,SCALE_DOWN,3000.0
18426.0,18377.576,0.9974,STAY_ACTIVE,18377.576171875
3675.9,3683.1716,0.998,SCALE_DOWN,3000.0
3452.4,3455.6973,0.999,SCALE_DOWN,3000.0
20582.4,20421.982,0.9922,STAY_ACTIVE,20421.982421875
6164.4,6164.081,0.9999,STAY_ACTIVE,6164.0810546875
3842.1,3842.775,0.9998,SCALE_DOWN,3000.0
7965.299999999999,7982.4834,0.9978,STAY_ACTIVE,7982.4833984375
3794.4,3793.5706,0.9998,SCALE_DOWN,3000.0
6961.8,6935.2715,0.9962,STAY_ACTIVE,6935.271484375
4261.8,4250.998,0.9975,SCALE_DOWN,3000.0
16102.2,15927.855,0.9892,STAY_ACTIVE,15927.85546875
3324.0,3326.2388,0.9993,SCALE_DOWN,3000.0
5121.300000000001,5111.2954,0.998,STAY_ACTIVE,5111.29541015625
15220.2,15136.329,0.9945,STAY_ACTIVE,15136.3291015625
3656.7,3656.9482,0.9999,SCALE_DOWN,3000.0
4124.1,4133.4014,0.9977,SCALE_DOWN,3000.0
14714.4,14868.696,0.9895,STAY_ACTIVE,14868.6962890625
4321.2,4317.461,0.9991,SCALE_DOWN,3000.0
7464.0,7470.9395,0.9991,STAY_ACTIVE,7470.939453125
4012.8,4001.793,0.9973,SCALE_DOWN,3000.0
7798.8,7831.2754,0.9958,STAY_ACTIVE,7831.275390625
3884.4,3890.959,0.9983,SCALE_DOWN,3000.0
3693.9,3678.4832,0.9958,SCALE_DOWN,3000.0
14406.6,14487.243,0.9944,STAY_ACTIVE,14487.2431640625
9545.4,9554.117,0.9991,STAY_ACTIVE,9554.1171875
3638.7,3639.7197,0.9997,SCALE_DOWN,3000.0
3368.4,3371.457,0.9991,SCALE_DOWN,3000.0
6000.9,6005.7046,0.9992,STAY_ACTIVE,6005.70458984375
7384.8,7385.9736,0.9998,STAY_ACTIVE,7385.9736328125
17593.5,17578.662,0.9992,STAY_ACTIVE,17578.662109375
3441.0,3443.5,0.9993,SCALE_DOWN,3000.0
7098.299999999999,7118.2876,0.9972,STAY_ACTIVE,7118.28759765625
19191.9,19162.148,0.9984,STAY_ACTIVE,19162.1484375
3749.7,3755.3037,0.9985,SCALE_DOWN,3000.0
7996.800000000001,8010.412,0.9983,STAY_ACTIVE,8010.412109375
8778.9,8812.746,0.9961,STAY_ACTIVE,8812.74609375
3586.7999999999997,3583.3767,0.999,SCALE_DOWN,3000.0
4645.2,4643.189,0.9996,SCALE_DOWN,3000.0
4494.9,4494.415,0.9999,SCALE_DOWN,3000.0
4181.700000000001,4185.5713,0.9991,SCALE_DOWN,3000.0
19164.9,19143.012,0.9989,STAY_ACTIVE,19143.01171875
5191.5,5185.2505,0.9988,STAY_ACTIVE,5185.25048828125
3372.6000000000004,3369.4424,0.9991,SCALE_DOWN,3000.0
5789.4,5804.478,0.9974,STAY_ACTIVE,5804.47802734375
11375.1,11437.913,0.9945,STAY_ACTIVE,11437.9130859375
5740.8,5746.8164,0.999,STAY_ACTIVE,5746.81640625
3607.2,3617.5232,0.9971,SCALE_DOWN,3000.0
3810.0,3810.8496,0.9998,SCALE_DOWN,3000.0
9768.3,9814.272,0.9953,STAY_ACTIVE,9814.2724609375
3539.4,3540.2314,0.9998,SCALE_DOWN,3000.0
4578.6,4577.223,0.9997,SCALE_DOWN,3000.0
17148.9,17219.01,0.9959,STAY_ACTIVE,17219.009765625
12629.1,12596.172,0.9974,STAY_ACTIVE,12596.171875
8233.5,8259.28,0.9969,STAY_ACTIVE,8259.2802734375
3636.3,3634.6694,0.9996,SCALE_DOWN,3000.0
3810.3,3810.8496,0.9999,SCALE_DOWN,3000.0
10015.5,10097.021,0.9919,STAY_ACTIVE,10097.021484375
9597.0,9615.4375,0.9981,STAY_ACTIVE,9615.4375
7255.5,7250.8467,0.9994,STAY_ACTIVE,7250.8466796875
5665.8,5693.439,0.9951,STAY_ACTIVE,5693.43896484375
5643.300000000001,5646.924,0.9994,STAY_ACTIVE,5646.923828125
3513.0,3514.9583,0.9994,SCALE_DOWN,3000.0
7009.799999999999,6995.667,0.998,STAY_ACTIVE,6995.6669921875
11322.3,11324.404,0.9998,STAY_ACTIVE,11324.404296875
4844.1,4849.7397,0.9988,SCALE_DOWN,3000.0
3324.0,3326.2388,0.9993,SCALE_DOWN,3000.0
6034.8,6018.5264,0.9973,STAY_ACTIVE,6018.5263671875
4495.2,4490.843,0.999,SCALE_DOWN,3000.0
4480.799999999999,4486.363,0.9988,SCALE_DOWN,3000.0
9212.7,9220.532,0.9991,STAY_ACTIVE,9220.5322265625
7895.1,7903.4517,0.9989,STAY_ACTIVE,7903.45166015625
8601.900000000001,8591.16,0.9988,STAY_ACTIVE,8591.16015625
3508.8,3502.0378,0.9981,SCALE_DOWN,3000.0
15741.300000000005,15792.814,0.9967,STAY_ACTIVE,15792.814453125
8285.1,8264.668,0.9975,STAY_ACTIVE,8264.66796875
14203.2,14317.817,0.9919,STAY_ACTIVE,14317.8173828125
12715.5,12788.201,0.9943,STAY_ACTIVE,12788.201171875
7835.1,7828.8364,0.9992,STAY_ACTIVE,7828.83642578125
15033.0,14875.729,0.9895,STAY_ACTIVE,14875.728515625
11040.9,11099.544,0.9947,STAY_ACTIVE,11099.5439453125
4969.8,4972.933,0.9994,SCALE_DOWN,3000.0
4185.6,4173.4185,0.9971,SCALE_DOWN,3000.0
3665.7,3668.5715,0.9992,SCALE_DOWN,3000.0
4180.200000000001,4175.6807,0.9989,SCALE_DOWN,3000.0
4089.9,4091.2375,0.9997,SCALE_DOWN,3000.0
3858.9,3860.5864,0.9996,SCALE_DOWN,3000.0
4317.0,4310.968,0.9986,SCALE_DOWN,3000.0
17312.7,17277.762,0.998,STAY_ACTIVE,17277.76171875
3521.1000000000004,3517.142,0.9989,SCALE_DOWN,3000.0
9345.0,9285.556,0.9936,STAY_ACTIVE,9285.5556640625
5692.799999999999,5689.494,0.9994,STAY_ACTIVE,5689.494140625
5321.4,5336.4814,0.9972,STAY_ACTIVE,5336.4814453125
20465.4,20514.873,0.9976,STAY_ACTIVE,20514.873046875
4638.3,4639.6377,0.9997,SCALE_DOWN,3000.0
9745.5,9709.011,0.9963,STAY_ACTIVE,9709.0107421875
3521.4,3530.2095,0.9975,SCALE_DOWN,3000.0
7909.200000000001,7925.795,0.9979,STAY_ACTIVE,7925.794921875
13729.800000000005,13699.569,0.9978,STAY_ACTIVE,13699.5693359375
3651.3,3644.323,0.9981,SCALE_DOWN,3000.0
3347.4,3347.826,0.9999,SCALE_DOWN,3000.0
5799.9,5782.574,0.997,STAY_ACTIVE,5782.57421875
14266.2,14225.951,0.9972,STAY_ACTIVE,14225.951171875
17264.100000000002,17218.754,0.9974,STAY_ACTIVE,17218.75390625
3563.1000000000004,3573.4756,0.9971,SCALE_DOWN,3000.0
7205.7,7198.8325,0.999,STAY_ACTIVE,7198.83251953125
3810.0,3810.901,0.9998,SCALE_DOWN,3000.0
3386.7,3386.9177,0.9999,SCALE_DOWN,3000.0
15265.2,15346.223,0.9947,STAY_ACTIVE,15346.22265625
3879.0,3873.6294,0.9986,SCALE_DOWN,3000.0
21000.0,20963.375,0.9983,STAY_ACTIVE,20963.375
11475.6,11461.874,0.9988,STAY_ACTIVE,11461.8740234375
4053.6,4057.7163,0.999,SCALE_DOWN,3000.0
11665.2,11697.273,0.9973,STAY_ACTIVE,11697.2734375
3859.2,3853.322,0.9985,SCALE_DOWN,3000.0
10185.9,10191.075,0.9995,STAY_ACTIVE,10191.0751953125
3841.8,3842.81,0.9997,SCALE_DOWN,3000.0
4443.6,4429.9946,0.9969,SCALE_DOWN,3000.0
4514.7,4517.5635,0.9994,SCALE_DOWN,3000.0
3576.6000000000004,3572.1523,0.9988,SCALE_DOWN,3000.0
3794.4,3793.5867,0.9998,SCALE_DOWN,3000.0
4075.5,4075.0767,0.9999,SCALE_DOWN,3000.0
3975.3,3968.8364,0.9984,SCALE_DOWN,3000.0
17892.3,17738.893,0.9914,STAY_ACTIVE,17738.892578125
3544.5,3537.2002,0.9979,SCALE_DOWN,3000.0
4846.800000000001,4845.11,0.9997,SCALE_DOWN,3000.0
5374.2,5424.165,0.9907,STAY_ACTIVE,5424.1650390625
4343.099999999999,4332.175,0.9975,SCALE_DOWN,3000.0
5334.6,5352.7256,0.9966,STAY_ACTIVE,5352.7255859375
12006.300000000005,11977.167,0.9976,STAY_ACTIVE,11977.1669921875
9566.1,9593.045,0.9972,STAY_ACTIVE,9593.044921875
8751.0,8734.585,0.9981,STAY_ACTIVE,8734.5849609375
3746.7,3743.5317,0.9992,SCALE_DOWN,3000.0
12334.8,12259.122,0.9939,STAY_ACTIVE,12259.1220703125
7862.699999999999,7850.928,0.9985,STAY_ACTIVE,7850.92822265625
9662.1,9660.052,0.9998,STAY_ACTIVE,9660.0517578125
18749.1,18623.418,0.9933,STAY_ACTIVE,18623.41796875
5351.700000000001,5362.912,0.9979,STAY_ACTIVE,5362.912109375
3681.0,3691.958,0.997,SCALE_DOWN,3000.0
15763.8,15865.847,0.9935,STAY_ACTIVE,15865.8466796875
3347.7000000000003,3348.8884,0.9996,SCALE_DOWN,3000.0
4159.5,4162.4263,0.9993,SCALE_DOWN,3000.0
3332.1000000000004,3326.3416,0.9983,SCALE_DOWN,3000.0
3810.0,3810.8657,0.9998,SCALE_DOWN,3000.0
8511.0,8515.41,0.9995,STAY_ACTIVE,8515.41015625
5796.3,5775.9844,0.9965,STAY_ACTIVE,5775.984375
6073.8,6086.72,0.9979,STAY_ACTIVE,6086.72021484375
4441.8,4441.9287,1.0,SCALE_DOWN,3000.0
9233.1,9235.822,0.9997,STAY_ACTIVE,9235.822265625
21000.0,20990.318,0.9995,STAY_ACTIVE,20990.318359375
9714.0,9692.776,0.9978,STAY_ACTIVE,9692.7763671875
19531.2,19465.346,0.9966,STAY_ACTIVE,19465.345703125
4418.4,4419.5405,0.9997,SCALE_DOWN,3000.0
20160.3,20197.01,0.9982,STAY_ACTIVE,20197.009765625
10893.0,10897.608,0.9996,STAY_ACTIVE,10897.6083984375
3968.099999999999,3963.6213,0.9989,SCALE_DOWN,3000.0
4292.1,4294.2104,0.9995,SCALE_DOWN,3000.0
5586.6,5592.118,0.999,STAY_ACTIVE,5592.1181640625
4036.2,4045.5928,0.9977,SCALE_DOWN,3000.0
5983.199999999999,6017.6973,0.9942,STAY_ACTIVE,6017.697265625
9324.3,9356.284,0.9966,STAY_ACTIVE,9356.2841796875
4273.8,4269.553,0.999,SCALE_DOWN,3000.0
3639.0,3636.3188,0.9993,SCALE_DOWN,3000.0
5965.5,5948.3794,0.9971,STAY_ACTIVE,5948.37939453125
7107.9,7072.7944,0.9951,STAY_ACTIVE,7072.79443359375
9805.8,9802.402,0.9997,STAY_ACTIVE,9802.40234375
7556.700000000001,7537.369,0.9974,STAY_ACTIVE,7537.369140625
3324.0,3326.2947,0.9993,SCALE_DOWN,3000.0
4884.6,4895.188,0.9978,SCALE_DOWN,3000.0
4812.9,4809.5273,0.9993,SCALE_DOWN,3000.0
10065.9,10040.772,0.9975,STAY_ACTIVE,10040.7724609375
4512.0,4515.081,0.9993,SCALE_DOWN,3000.0
19940.7,20127.432,0.9906,STAY_ACTIVE,20127.431640625
3362.7,3366.9736,0.9987,SCALE_DOWN,3000.0
10029.0,10066.434,0.9963,STAY_ACTIVE,10066.43359375
4764.9,4765.3696,0.9999,SCALE_DOWN,3000.0
21000.0,21003.316,0.9998,STAY_ACTIVE,21003.31640625
4531.200000000001,4525.027,0.9986,SCALE_DOWN,3000.0
6784.500000000001,6798.3213,0.998,STAY_ACTIVE,6798.3212890625
5937.6,5944.25,0.9989,STAY_ACTIVE,5944.25
3324.9,3330.6492,0.9983,SCALE_DOWN,3000.0
10207.2,10246.196,0.9962,STAY_ACTIVE,10246.1962890625
3727.8,3722.5327,0.9986,SCALE_DOWN,3000.0
10587.9,10618.057,0.9972,STAY_ACTIVE,10618.056640625
4680.0,4689.537,0.998,SCALE_DOWN,3000.0
7825.799999999999,7798.3345,0.9965,STAY_ACTIVE,7798.33447265625
7050.000000000001,7038.92,0.9984,STAY_ACTIVE,7038.919921875
4927.200000000001,4919.0796,0.9984,SCALE_DOWN,3000.0
3694.2,3695.0916,0.9998,SCALE_DOWN,3000.0
9550.8,9549.476,0.9999,STAY_ACTIVE,9549.4755859375
4816.2,4817.4653,0.9997,SCALE_DOWN,3000.0
11134.2,11152.563,0.9984,STAY_ACTIVE,11152.5634765625
7250.700000000001,7254.1343,0.9995,STAY_ACTIVE,7254.13427734375
3614.1,3608.0327,0.9983,SCALE_DOWN,3000.0
4558.8,4570.017,0.9975,SCALE_DOWN,3000.0
8607.600000000002,8648.129,0.9953,STAY_ACTIVE,8648.12890625
6477.900000000001,6494.3525,0.9975,STAY_ACTIVE,6494.3525390625
6598.2,6598.69,0.9999,STAY_ACTIVE,6598.68994140625
4538.1,4536.074,0.9996,SCALE_DOWN,3000.0
3833.4,3835.1648,0.9995,SCALE_DOWN,3000.0
19384.5,19230.662,0.9921,STAY_ACTIVE,19230.662109375
4626.3,4633.482,0.9984,SCALE_DOWN,3000.0
3355.2000000000003,3356.8,0.9995,SCALE_DOWN,3000.0
4107.0,4101.1753,0.9986,SCALE_DOWN,3000.0
3591.0,3598.103,0.998,SCALE_DOWN,3000.0
11841.6,11812.925,0.9976,STAY_ACTIVE,11812.9248046875
6040.200000000001,6066.579,0.9956,STAY_ACTIVE,6066.5791015625
3843.6,3844.742,0.9997,SCALE_DOWN,3000.0
7844.700000000001,7855.5728,0.9986,STAY_ACTIVE,7855.57275390625
4158.6,4155.5225,0.9993,SCALE_DOWN,3000.0
17274.899999999998,17316.21,0.9976,STAY_ACTIVE,17316.2109375
4128.0,4132.827,0.9988,SCALE_DOWN,3000.0
4417.5,4419.2637,0.9996,SCALE_DOWN,3000.0
12246.6,12144.1875,0.9916,STAY_ACTIVE,12144.1875
3867.3,3864.4626,0.9993,SCALE_DOWN,3000.0
4200.9,4209.7476,0.9979,SCALE_DOWN,3000.0
5470.5,5467.648,0.9995,STAY_ACTIVE,5467.64794921875
17019.300000000003,16974.135,0.9973,STAY_ACTIVE,16974.134765625
10119.000000000002,10077.4795,0.9959,STAY_ACTIVE,10077.4794921875
9345.0,9301.708,0.9954,STAY_ACTIVE,9301.7080078125
8167.799999999999,8125.585,0.9948,STAY_ACTIVE,8125.5849609375
7651.8,7668.6104,0.9978,STAY_ACTIVE,7668.6103515625
6998.700000000001,7014.3706,0.9978,STAY_ACTIVE,7014.37060546875
3433.2,3437.6047,0.9987,SCALE_DOWN,3000.0
5589.0,5592.3945,0.9994,STAY_ACTIVE,5592.39453125
10762.5,10697.949,0.994,STAY_ACTIVE,10697.94921875
3477.9,3481.5503,0.999,SCALE_DOWN,3000.0
4417.5,4419.2983,0.9996,SCALE_DOWN,3000.0
3811.2,3810.8657,0.9999,SCALE_DOWN,3000.0
9169.5,9230.894,0.9933,STAY_ACTIVE,9230.8935546875
4184.4,4175.3506,0.9978,SCALE_DOWN,3000.0
3835.2,3835.3284,1.0,SCALE_DOWN,3000.0
3324.0,3326.2227,0.9993,SCALE_DOWN,3000.0
5930.1,5963.459,0.9944,STAY_ACTIVE,5963.458984375
3771.599999999999,3766.9878,0.9988,SCALE_DOWN,3000.0
3970.5,3966.6663,0.999,SCALE_DOWN,3000.0
5119.5,5105.4175,0.9972,STAY_ACTIVE,5105.41748046875
8088.599999999999,8088.8457,1.0,STAY_ACTIVE,8088.845703125
6972.9,7026.883,0.9923,STAY_ACTIVE,7026.8828125
3564.2999999999997,3573.4756,0.9974,SCALE_DOWN,3000.0
8124.6,8143.288,0.9977,STAY_ACTIVE,8143.2880859375
3414.9,3417.4849,0.9992,SCALE_DOWN,3000.0
7204.8,7185.123,0.9973,STAY_ACTIVE,7185.123046875
10442.1,10416.94,0.9976,STAY_ACTIVE,10416.9404296875
10079.4,10102.158,0.9977,STAY_ACTIVE,10102.158203125
15752.100000000002,15711.072,0.9974,STAY_ACTIVE,15711.072265625
5293.8,5302.27,0.9984,STAY_ACTIVE,5302.27001953125
10993.2,11017.6875,0.9978,STAY_ACTIVE,11017.6875
3810.0,3810.901,0.9998,SCALE_DOWN,3000.0
15058.2,15092.754,0.9977,STAY_ACTIVE,15092.75390625
6253.5,6239.7983,0.9978,STAY_ACTIVE,6239.79833984375
3763.5,3763.3975,1.0,SCALE_DOWN,3000.0
8054.4000000000015,8081.2217,0.9967,STAY_ACTIVE,8081.2216796875
5977.799999999999,6023.056,0.9924,STAY_ACTIVE,6023.05615234375
3928.2,3930.7502,0.9994,SCALE_DOWN,3000.0
11823.0,11871.238,0.9959,STAY_ACTIVE,11871.23828125
10293.9,10246.507,0.9954,STAY_ACTIVE,10246.5068359375
3451.5,3455.5813,0.9988,SCALE_DOWN,3000.0
4586.7,4590.873,0.9991,SCALE_DOWN,3000.0
8235.900000000001,8204.134,0.9961,STAY_ACTIVE,8204.1337890625
4320.6,4321.423,0.9998,SCALE_DOWN,3000.0
4018.8,4024.343,0.9986,SCALE_DOWN,3000.0
14860.2,14810.453,0.9967,STAY_ACTIVE,14810.453125
4417.5,4419.247,0.9996,SCALE_DOWN,3000.0
4166.4,4157.9976,0.998,SCALE_DOWN,3000.0
4994.4,4989.6177,0.999,SCALE_DOWN,3000.0
7256.700000000001,7247.641,0.9988,STAY_ACTIVE,7247.64111328125
11063.4,11130.084,0.994,STAY_ACTIVE,11130.083984375
4379.7,4380.1416,0.9999,SCALE_DOWN,3000.0
14285.1,14376.391,0.9936,STAY_ACTIVE,14376.390625
4719.0,4727.539,0.9982,SCALE_DOWN,3000.0
7731.3,7757.594,0.9966,STAY_ACTIVE,7757.59423828125
12067.5,12066.308,0.9999,STAY_ACTIVE,12066.3076171875
11287.2,11271.444,0.9986,STAY_ACTIVE,11271.4443359375
4596.3,4595.554,0.9998,SCALE_DOWN,3000.0
3889.2,3876.0752,0.9966,SCALE_DOWN,3000.0
10886.7,10854.088,0.997,STAY_ACTIVE,10854.087890625
6926.700000000001,6946.2207,0.9972,STAY_ACTIVE,6946.220703125
12172.2,12170.608,0.9999,STAY_ACTIVE,12170.6083984375
7697.1,7710.0225,0.9983,STAY_ACTIVE,7710.0224609375
7584.6,7610.7036,0.9966,STAY_ACTIVE,7610.70361328125
8877.6,8878.672,0.9999,STAY_ACTIVE,8878.671875
3999.6,4006.5806,0.9983,SCALE_DOWN,3000.0
4565.7,4549.9233,0.9965,SCALE_DOWN,3000.0
7925.700000000001,7960.7144,0.9956,STAY_ACTIVE,7960.71435546875
4357.8,4348.6733,0.9979,SCALE_DOWN,3000.0
4268.4,4256.0713,0.9971,SCALE_DOWN,3000.0
20730.0,20448.857,0.9864,STAY_ACTIVE,20448.857421875
3857.400000000001,3851.9448,0.9986,SCALE_DOWN,3000.0
3411.6000000000004,3410.3757,0.9996,SCALE_DOWN,3000.0
4466.1,4470.0576,0.9991,SCALE_DOWN,3000.0
11206.2,11216.272,0.9991,STAY_ACTIVE,11216.2724609375
3724.5,3719.2083,0.9986,SCALE_DOWN,3000.0
8030.4,8004.3823,0.9968,STAY_ACTIVE,8004.38232421875
14389.499999999998,14258.665,0.9909,STAY_ACTIVE,14258.6650390625
4438.200000000001,4440.971,0.9994,SCALE_DOWN,3000.0
7805.1,7789.374,0.998,STAY_ACTIVE,7789.3740234375
10647.0,10644.893,0.9998,STAY_ACTIVE,10644.892578125
3381.0,3377.8137,0.9991,SCALE_DOWN,3000.0
12648.9,12693.198,0.9965,STAY_ACTIVE,12693.1982421875
4609.2,4606.0312,0.9993,SCALE_DOWN,3000.0
6945.6,6947.0244,0.9998,STAY_ACTIVE,6947.0244140625
3411.0,3412.1418,0.9997,SCALE_DOWN,3000.0
5099.7,5108.2803,0.9983,STAY_ACTIVE,5108.2802734375
9711.9,9736.424,0.9975,STAY_ACTIVE,9736.423828125
16653.9,16655.688,0.9999,STAY_ACTIVE,16655.6875
3736.8,3741.5728,0.9987,SCALE_DOWN,3000.0
3735.3,3735.2888,1.0,SCALE_DOWN,3000.0
10689.0,10700.584,0.9989,STAY_ACTIVE,10700.583984375
11017.5,10993.839,0.9979,STAY_ACTIVE,10993.8388671875
7159.8,7172.5347,0.9982,STAY_ACTIVE,7172.53466796875
3564.6000000000004,3568.411,0.9989,SCALE_DOWN,3000.0
10718.4,10712.294,0.9994,STAY_ACTIVE,10712.2939453125
5001.0,5002.703,0.9997,STAY_ACTIVE,5002.703125
21000.0,21013.367,0.9994,STAY_ACTIVE,21013.3671875
5553.6,5554.5747,0.9998,STAY_ACTIVE,5554.57470703125
4802.700000000001,4808.219,0.9989,SCALE_DOWN,3000.0
3324.0,3326.2595,0.9993,SCALE_DOWN,3000.0
7851.299999999999,7881.5776,0.9961,STAY_ACTIVE,7881.57763671875
4442.700000000001,4442.2236,0.9999,SCALE_DOWN,3000.0
8547.6,8503.218,0.9948,STAY_ACTIVE,8503.2177734375
5822.7,5818.798,0.9993,STAY_ACTIVE,5818.7978515625
4174.2,4181.1074,0.9983,SCALE_DOWN,3000.0
10479.6,10431.167,0.9954,STAY_ACTIVE,10431.1669921875
5963.4,5955.685,0.9987,STAY_ACTIVE,5955.68505859375
13147.8,13164.9375,0.9987,STAY_ACTIVE,13164.9375
3641.7,3644.6965,0.9992,SCALE_DOWN,3000.0
3603.9,3610.8154,0.9981,SCALE_DOWN,3000.0
4453.5,4454.5444,0.9998,SCALE_DOWN,3000.0
6279.900000000001,6302.879,0.9963,STAY_ACTIVE,6302.87890625
3333.0,3330.614,0.9993,SCALE_DOWN,3000.0
4777.8,4789.8447,0.9975,SCALE_DOWN,3000.0
3917.4,3914.6785,0.9993,SCALE_DOWN,3000.0
5597.4,5597.599,1.0,STAY_ACTIVE,5597.59912109375
7255.5,7214.927,0.9944,STAY_ACTIVE,7214.9267578125
10493.7,10456.642,0.9965,STAY_ACTIVE,10456.6416015625
14119.500000000002,14147.765,0.998,STAY_ACTIVE,14147.7646484375
3526.7999999999997,3532.5298,0.9984,SCALE_DOWN,3000.0
6672.9,6643.1655,0.9955,STAY_ACTIVE,6643.16552734375
8929.2,8971.064,0.9953,STAY_ACTIVE,8971.064453125
19006.5,18919.525,0.9954,STAY_ACTIVE,18919.525390625
19330.5,19449.332,0.9939,STAY_ACTIVE,19449.33203125
3867.0,3869.5618,0.9993,SCALE_DOWN,3000.0
3677.7,3682.5007,0.9987,SCALE_DOWN,3000.0
3813.0,3811.0645,0.9995,SCALE_DOWN,3000.0
4732.5,4731.78,0.9998,SCALE_DOWN,3000.0
16543.2,16465.58,0.9953,STAY_ACTIVE,16465.580078125
5522.700000000001,5496.431,0.9952,STAY_ACTIVE,5496.43115234375
3561.9,3552.785,0.9974,SCALE_DOWN,3000.0
7765.5,7787.1655,0.9972,STAY_ACTIVE,7787.16552734375
8012.1,7958.317,0.9933,STAY_ACTIVE,7958.31689453125
17592.600000000002,17659.162,0.9962,STAY_ACTIVE,17659.162109375
14380.5,14321.524,0.9959,STAY_ACTIVE,14321.5244140625
21000.0,21002.445,0.9999,STAY_ACTIVE,21002.4453125
3392.7000000000003,3396.3562,0.9989,SCALE_DOWN,3000.0
10928.1,10911.713,0.9985,STAY_ACTIVE,10911.712890625
4440.900000000001,4441.9287,0.9998,SCALE_DOWN,3000.0
9719.4,9695.468,0.9975,STAY_ACTIVE,9695.4677734375
5445.9,5463.884,0.9967,STAY_ACTIVE,5463.8837890625
3472.7999999999997,3468.3127,0.9987,SCALE_DOWN,3000.0
11310.000000000002,11291.35,0.9984,STAY_ACTIVE,11291.349609375
3496.2,3492.2302,0.9989,SCALE_DOWN,3000.0
9451.5,9507.227,0.9941,STAY_ACTIVE,9507.2265625
16562.100000000002,16590.672,0.9983,STAY_ACTIVE,16590.671875
21000.0,20998.51,0.9999,STAY_ACTIVE,20998.509765625
8209.800000000001,8207.509,0.9997,STAY_ACTIVE,8207.5087890625
3835.2,3835.3796,1.0,SCALE_DOWN,3000.0
3858.9,3860.5864,0.9996,SCALE_DOWN,3000.0
9559.2,9543.403,0.9983,STAY_ACTIVE,9543.4033203125
8805.300000000001,8792.827,0.9986,STAY_ACTIVE,8792.8271484375
7607.1,7598.7617,0.9989,STAY_ACTIVE,7598.76171875
13486.8,13519.149,0.9976,STAY_ACTIVE,13519.1494140625
4314.9,4316.5786,0.9996,SCALE_DOWN,3000.0
16207.500000000002,16122.4,0.9947,STAY_ACTIVE,16122.400390625
7122.299999999999,7110.7974,0.9984,STAY_ACTIVE,7110.79736328125
4825.8,4820.479,0.9989,SCALE_DOWN,3000.0
12533.7,12474.484,0.9953,STAY_ACTIVE,12474.484375
10074.9,10051.55,0.9977,STAY_ACTIVE,10051.5498046875
16739.4,16903.64,0.9902,STAY_ACTIVE,16903.640625
6414.6,6416.0034,0.9998,STAY_ACTIVE,6416.00341796875
11007.3,11047.261,0.9964,STAY_ACTIVE,11047.2607421875
3814.8,3820.0244,0.9986,SCALE_DOWN,3000.0
5229.6,5249.426,0.9962,STAY_ACTIVE,5249.42578125
18518.7,18451.059,0.9963,STAY_ACTIVE,18451.05859375
8814.0,8840.526,0.997,STAY_ACTIVE,8840.5263671875
14907.9,14817.239,0.9939,STAY_ACTIVE,14817.2392578125
4068.0,4062.4229,0.9986,SCALE_DOWN,3000.0
3987.9,3978.4888,0.9976,SCALE_DOWN,3000.0
10601.4,10618.559,0.9984,STAY_ACTIVE,10618.55859375
8916.0,8909.732,0.9993,STAY_ACTIVE,8909.732421875
18389.1,18289.709,0.9946,STAY_ACTIVE,18289.708984375
5813.4,5767.017,0.992,STAY_ACTIVE,5767.01708984375
4637.1,4634.2354,0.9994,SCALE_DOWN,3000.0
9075.0,9020.881,0.994,STAY_ACTIVE,9020.880859375
8821.2,8861.612,0.9954,STAY_ACTIVE,8861.6123046875
4310.700000000001,4318.114,0.9983,SCALE_DOWN,3000.0
6299.7,6290.988,0.9986,STAY_ACTIVE,6290.98779296875
5913.3,5941.004,0.9953,STAY_ACTIVE,5941.00390625
7749.6,7755.5825,0.9992,STAY_ACTIVE,7755.58251953125
3809.7,3811.4043,0.9996,SCALE_DOWN,3000.0
8536.8,8482.528,0.9936,STAY_ACTIVE,8482.5283203125
3768.3,3763.2637,0.9987,SCALE_DOWN,3000.0
14950.199999999995,14924.374,0.9983,STAY_ACTIVE,14924.3740234375
7444.200000000001,7438.972,0.9993,STAY_ACTIVE,7438.97216796875
7880.700000000001,7822.675,0.9926,STAY_ACTIVE,7822.6748046875
7981.5,7957.2124,0.997,STAY_ACTIVE,7957.21240234375
9594.0,9602.428,0.9991,STAY_ACTIVE,9602.427734375
3909.9,3903.6445,0.9984,SCALE_DOWN,3000.0
21000.0,21019.79,0.9991,STAY_ACTIVE,21019.7890625
3853.5,3855.5393,0.9995,SCALE_DOWN,3000.0
8964.300000000001,8956.462,0.9991,STAY_ACTIVE,8956.4619140625
4440.0,4441.6353,0.9996,SCALE_DOWN,3000.0
4794.6,4792.987,0.9997,SCALE_DOWN,3000.0
12852.3,12819.217,0.9974,STAY_ACTIVE,12819.216796875
14163.6,14119.346,0.9969,STAY_ACTIVE,14119.345703125
11272.500000000002,11251.81,0.9982,STAY_ACTIVE,11251.8095703125
8511.6,8523.946,0.9985,STAY_ACTIVE,8523.9462890625
9922.2,9926.613,0.9996,STAY_ACTIVE,9926.61328125
3966.6,3968.7156,0.9995,SCALE_DOWN,3000.0
4229.4,4224.1763,0.9988,SCALE_DOWN,3000.0
5925.0,5940.2593,0.9974,STAY_ACTIVE,5940.25927734375
3378.9,3381.0747,0.9994,SCALE_DOWN,3000.0
6547.8,6577.5093,0.9955,STAY_ACTIVE,6577.50927734375
4729.8,4710.5967,0.9959,SCALE_DOWN,3000.0
4164.0,4157.979,0.9986,SCALE_DOWN,3000.0
3794.1,3803.7388,0.9975,SCALE_DOWN,3000.0
4499.4,4499.6904,0.9999,SCALE_DOWN,3000.0
3713.4,3723.004,0.9974,SCALE_DOWN,3000.0
6980.700000000001,6978.7974,0.9997,STAY_ACTIVE,6978.79736328125
6596.1,6611.8823,0.9976,STAY_ACTIVE,6611.88232421875
3887.4,3892.008,0.9988,SCALE_DOWN,3000.0
4291.2,4286.936,0.999,SCALE_DOWN,3000.0
10434.9,10449.351,0.9986,STAY_ACTIVE,10449.3505859375
17888.7,17795.926,0.9948,STAY_ACTIVE,17795.92578125
3422.7000000000003,3421.1296,0.9995,SCALE_DOWN,3000.0
4152.3,4155.148,0.9993,SCALE_DOWN,3000.0
9855.9,9931.53,0.9923,STAY_ACTIVE,9931.5302734375
6090.6,6057.7144,0.9946,STAY_ACTIVE,6057.71435546875
5420.7,5421.445,0.9999,STAY_ACTIVE,5421.44482421875
3442.7999999999997,3444.7039,0.9994,SCALE_DOWN,3000.0
7302.299999999999,7300.3086,0.9997,STAY_ACTIVE,7300.30859375
4990.8,5002.8853,0.9976,STAY_ACTIVE,5002.88525390625
8244.3,8248.575,0.9995,STAY_ACTIVE,8248.5751953125
9111.0,9109.096,0.9998,STAY_ACTIVE,9109.095703125
4468.8,4472.44,0.9992,SCALE_DOWN,3000.0
3914.7,3918.8076,0.999,SCALE_DOWN,3000.0
8784.300000000001,8807.302,0.9974,STAY_ACTIVE,8807.3017578125
4198.200000000001,4195.342,0.9993,SCALE_DOWN,3000.0
13713.6,13661.72,0.9962,STAY_ACTIVE,13661.7197265625
3331.7999999999997,3326.3416,0.9984,SCALE_DOWN,3000.0
13294.2,13303.019,0.9993,STAY_ACTIVE,13303.0185546875
3833.4,3835.1135,0.9996,SCALE_DOWN,3000.0
3324.0,3326.2388,0.9993,SCALE_DOWN,3000.0
5063.700000000001,5074.6875,0.9978,STAY_ACTIVE,5074.6875
4774.5,4767.935,0.9986,SCALE_DOWN,3000.0
7119.6,7123.014,0.9995,STAY_ACTIVE,7123.01416015625
4771.800000000001,4772.1494,0.9999,SCALE_DOWN,3000.0
8572.8,8570.564,0.9997,STAY_ACTIVE,8570.564453125
3418.5,3417.7812,0.9998,SCALE_DOWN,3000.0
3630.0,3640.342,0.9972,SCALE_DOWN,3000.0
10174.800000000005,10139.834,0.9966,STAY_ACTIVE,10139.833984375
5107.5,5112.013,0.9991,STAY_ACTIVE,5112.01318359375
3395.1000000000004,3398.7925,0.9989,SCALE_DOWN,3000.0
3858.9,3860.6216,0.9996,SCALE_DOWN,3000.0
7859.4,7903.764,0.9944,STAY_ACTIVE,7903.76416015625
6296.1,6320.9727,0.996,STAY_ACTIVE,6320.97265625
3414.9,3415.5254,0.9998,SCALE_DOWN,3000.0
6717.9,6726.173,0.9988,STAY_ACTIVE,6726.1728515625
10854.3,10870.45,0.9985,STAY_ACTIVE,10870.4501953125
3951.3,3952.351,0.9997,SCALE_DOWN,3000.0
11354.7,11431.128,0.9933,STAY_ACTIVE,11431.1279296875
4128.3,4133.788,0.9987,SCALE_DOWN,3000.0
3827.4,3827.052,0.9999,SCALE_DOWN,3000.0
8928.300000000001,8905.506,0.9974,STAY_ACTIVE,8905.505859375
5329.200000000001,5338.516,0.9983,STAY_ACTIVE,5338.51611328125
3835.2,3842.8828,0.998,SCALE_DOWN,3000.0
7263.300000000001,7284.4204,0.9971,STAY_ACTIVE,7284.42041015625
5917.8,5931.5444,0.9977,STAY_ACTIVE,5931.54443359375
10641.3,10620.779,0.9981,STAY_ACTIVE,10620.779296875
4391.1,4377.869,0.997,SCALE_DOWN,3000.0
10938.0,11017.934,0.9927,STAY_ACTIVE,11017.93359375
6081.900000000001,6101.2544,0.9968,STAY_ACTIVE,6101.25439453125
11130.6,11118.2705,0.9989,STAY_ACTIVE,11118.2705078125
7758.3,7777.267,0.9976,STAY_ACTIVE,7777.26708984375
4278.6,4277.3535,0.9997,SCALE_DOWN,3000.0
6852.9,6872.1206,0.9972,STAY_ACTIVE,6872.12060546875
3492.3,3487.8372,0.9987,SCALE_DOWN,3000.0
21000.0,20992.158,0.9996,STAY_ACTIVE,20992.158203125
6546.0,6544.647,0.9998,STAY_ACTIVE,6544.64697265625
8129.1,8147.6245,0.9977,STAY_ACTIVE,8147.62451171875
5461.5,5478.3364,0.9969,STAY_ACTIVE,5478.33642578125
20176.5,20252.174,0.9962,STAY_ACTIVE,20252.173828125
4518.299999999999,4520.886,0.9994,SCALE_DOWN,3000.0
7462.200000000001,7436.2056,0.9965,STAY_ACTIVE,7436.20556640625
7083.3,7003.393,0.9887,STAY_ACTIVE,7003.39306640625
5875.2,5902.317,0.9954,STAY_ACTIVE,5902.31689453125
6028.5,5993.0522,0.9941,STAY_ACTIVE,5993.05224609375
10981.2,10997.0625,0.9986,STAY_ACTIVE,10997.0625
3519.9000000000005,3517.2126,0.9992,SCALE_DOWN,3000.0
5991.299999999999,5964.234,0.9955,STAY_ACTIVE,5964.23388671875
7808.7,7827.8193,0.9976,STAY_ACTIVE,7827.8193359375
5140.5,5152.188,0.9977,STAY_ACTIVE,5152.18798828125
16632.3,16516.088,0.993,STAY_ACTIVE,16516.087890625
5365.200000000001,5360.632,0.9991,STAY_ACTIVE,5360.6318359375
5340.299999999999,5396.21,0.9895,STAY_ACTIVE,5396.2099609375
3423.0,3422.5935,0.9999,SCALE_DOWN,3000.0
6327.3,6294.2266,0.9948,STAY_ACTIVE,6294.2265625
13991.7,13916.507,0.9946,STAY_ACTIVE,13916.5068359375
3809.1,3806.752,0.9994,SCALE_DOWN,3000.0
8971.5,8960.862,0.9988,STAY_ACTIVE,8960.8623046875
9877.8,9932.029,0.9945,STAY_ACTIVE,9932.029296875
12824.4,12756.63,0.9947,STAY_ACTIVE,12756.6298828125
6258.9,6270.11,0.9982,STAY_ACTIVE,6270.10986328125
6358.199999999999,6409.551,0.9919,STAY_ACTIVE,6409.55078125
4382.7,4367.164,0.9965,SCALE_DOWN,3000.0
4184.099999999999,4186.211,0.9995,SCALE_DOWN,3000.0
4581.3,4579.64,0.9996,SCALE_DOWN,3000.0
4554.3,4553.4287,0.9998,SCALE_DOWN,3000.0
4490.400000000001,4488.665,0.9996,SCALE_DOWN,3000.0
7313.700000000001,7299.5195,0.9981,STAY_ACTIVE,7299.51953125
3793.2,3793.1682,1.0,SCALE_DOWN,3000.0
10275.6,10304.861,0.9972,STAY_ACTIVE,10304.861328125
4148.4,4149.808,0.9997,SCALE_DOWN,3000.0
11185.8,11213.794,0.9975,STAY_ACTIVE,11213.7939453125
4352.700000000001,4350.4673,0.9995,SCALE_DOWN,3000.0
4346.1,4346.695,0.9999,SCALE_DOWN,3000.0
7766.4,7723.6123,0.9945,STAY_ACTIVE,7723.6123046875
3425.4,3426.3486,0.9997,SCALE_DOWN,3000.0
3347.3999999999996,3348.8884,0.9996,SCALE_DOWN,3000.0
4443.6,4446.2197,0.9994,SCALE_DOWN,3000.0
3389.7000000000003,3391.25,0.9995,SCALE_DOWN,3000.0
15854.7,15851.1,0.9998,STAY_ACTIVE,15851.099609375
3345.9,3345.7124,0.9999,SCALE_DOWN,3000.0
12652.8,12701.885,0.9961,STAY_ACTIVE,12701.884765625
4069.5,4062.3877,0.9983,SCALE_DOWN,3000.0
9916.5,9880.7295,0.9964,STAY_ACTIVE,9880.7294921875
4657.200000000001,4643.416,0.997,SCALE_DOWN,3000.0
4877.700000000001,4875.4785,0.9995,SCALE_DOWN,3000.0
3632.7,3625.4236,0.998,SCALE_DOWN,3000.0
9580.8,9551.572,0.9969,STAY_ACTIVE,9551.572265625
14430.9,14361.261,0.9952,STAY_ACTIVE,14361.2607421875
7871.700000000001,7875.1973,0.9996,STAY_ACTIVE,7875.197265625
3381.9,3383.139,0.9996,SCALE_DOWN,3000.0
4724.1,4755.5405,0.9933,SCALE_DOWN,3000.0
4082.7,4095.6965,0.9968,SCALE_DOWN,3000.0
9814.5,9862.106,0.9951,STAY_ACTIVE,9862.1064453125
6621.9,6633.3105,0.9983,STAY_ACTIVE,6633.310546875
6311.1,6309.893,0.9998,STAY_ACTIVE,6309.89306640625
11076.6,11134.12,0.9948,STAY_ACTIVE,11134.1201171875
3961.8,3963.4727,0.9996,SCALE_DOWN,3000.0
4351.8,4356.616,0.9989,SCALE_DOWN,3000.0
6162.0,6180.2607,0.997,STAY_ACTIVE,6180.2607421875
3473.4,3480.5186,0.998,SCALE_DOWN,3000.0
21000.0,21003.652,0.9998,STAY_ACTIVE,21003.65234375
19378.2,19465.092,0.9955,STAY_ACTIVE,19465.091796875
9660.9,9646.233,0.9985,STAY_ACTIVE,9646.2333984375
4884.6,4874.7334,0.998,SCALE_DOWN,3000.0
3880.2,3878.8684,0.9997,SCALE_DOWN,3000.0
3810.0,3810.8657,0.9998,SCALE_DOWN,3000.0
14556.000000000002,14578.136,0.9985,STAY_ACTIVE,14578.1357421875
5940.299999999999,5976.0713,0.994,STAY_ACTIVE,5976.0712890625
10396.2,10361.72,0.9967,STAY_ACTIVE,10361.7197265625
3873.900000000001,3871.6567,0.9994,SCALE_DOWN,3000.0
4998.0,4993.3413,0.9991,SCALE_DOWN,3000.0
3420.6,3417.4688,0.9991,SCALE_DOWN,3000.0
16337.100000000002,16352.943,0.999,STAY_ACTIVE,16352.943359375
3324.0,3326.2595,0.9993,SCALE_DOWN,3000.0
5313.0,5322.0,0.9983,STAY_ACTIVE,5322.0
6876.3,6874.906,0.9998,STAY_ACTIVE,6874.90576171875
8469.3,8515.528,0.9945,STAY_ACTIVE,8515.5283203125
3331.5,3326.3416,0.9985,SCALE_DOWN,3000.0
3432.6000000000004,3429.282,0.999,SCALE_DOWN,3000.0
3324.9,3330.598,0.9983,SCALE_DOWN,3000.0
21000.0,21011.578,0.9994,STAY_ACTIVE,21011.578125
5264.4,5250.2095,0.9973,STAY_ACTIVE,5250.20947265625
4355.700000000001,4356.136,0.9999,SCALE_DOWN,3000.0
5924.7,5912.2188,0.9979,STAY_ACTIVE,5912.21875
8356.500000000002,8367.751,0.9987,STAY_ACTIVE,8367.7509765625
3512.7,3512.0698,0.9998,SCALE_DOWN,3000.0
19729.2,19622.908,0.9946,STAY_ACTIVE,19622.908203125
3675.9,3677.5916,0.9995,SCALE_DOWN,3000.0
21000.0,20961.773,0.9982,STAY_ACTIVE,20961.7734375
6390.300000000001,6415.0254,0.9961,STAY_ACTIVE,6415.025390625
3324.0,3326.2388,0.9993,SCALE_DOWN,3000.0
17608.800000000003,17595.24,0.9992,STAY_ACTIVE,17595.240234375
4155.9,4145.852,0.9976,SCALE_DOWN,3000.0
15454.2,15450.512,0.9998,STAY_ACTIVE,15450.51171875
20037.9,20184.738,0.9927,STAY_ACTIVE,20184.73828125
3706.8,3700.5698,0.9983,SCALE_DOWN,3000.0
3444.6000000000004,3440.2563,0.9987,SCALE_DOWN,3000.0
7557.9,7559.472,0.9998,STAY_ACTIVE,7559.47216796875
3845.4,3849.183,0.999,SCALE_DOWN,3000.0
3324.0,3326.2227,0.9993,SCALE_DOWN,3000.0
8992.5,9016.057,0.9974,STAY_ACTIVE,9016.056640625
5663.400000000001,5681.54,0.9968,STAY_ACTIVE,5681.5400390625
6273.3,6290.614,0.9972,STAY_ACTIVE,6290.61376953125
4592.4,4597.448,0.9989,SCALE_DOWN,3000.0
7912.200000000001,7953.7925,0.9947,STAY_ACTIVE,7953.79248046875
3811.2,3808.4954,0.9993,SCALE_DOWN,3000.0
4584.3,4573.159,0.9976,SCALE_DOWN,3000.0
6425.4,6439.778,0.9978,STAY_ACTIVE,6439.77783203125
9655.5,9686.634,0.9968,STAY_ACTIVE,9686.6337890625
11380.8,11327.498,0.9953,STAY_ACTIVE,11327.498046875
4372.8,4370.903,0.9996,SCALE_DOWN,3000.0
3975.6,3968.634,0.9982,SCALE_DOWN,3000.0
4776.6,4776.9004,0.9999,SCALE_DOWN,3000.0
3339.2999999999997,3337.008,0.9993,SCALE_DOWN,3000.0
4422.0,4424.4004,0.9995,SCALE_DOWN,3000.0
7557.9,7569.6807,0.9984,STAY_ACTIVE,7569.6806640625
4573.2,4572.1987,0.9998,SCALE_DOWN,3000.0
9906.9,9967.527,0.9939,STAY_ACTIVE,9967.52734375
3867.9,3869.6953,0.9995,SCALE_DOWN,3000.0
5543.4,5534.659,0.9984,STAY_ACTIVE,5534.6591796875
9697.8,9628.387,0.9928,STAY_ACTIVE,9628.38671875
5681.1,5664.4023,0.9971,STAY_ACTIVE,5664.40234375
4759.8,4747.7256,0.9975,SCALE_DOWN,3000.0
3428.4000000000005,3428.1816,0.9999,SCALE_DOWN,3000.0
3821.1,3822.0496,0.9998,SCALE_DOWN,3000.0
19813.800000000003,19841.906,0.9986,STAY_ACTIVE,19841.90625
19397.1,19563.314,0.9914,STAY_ACTIVE,19563.314453125
5588.4,5590.707,0.9996,STAY_ACTIVE,5590.70703125
3873.3,3878.934,0.9985,SCALE_DOWN,3000.0
4445.4,4446.322,0.9998,SCALE_DOWN,3000.0
3597.9,3605.538,0.9979,SCALE_DOWN,3000.0
6873.900000000001,6880.701,0.999,STAY_ACTIVE,6880.701171875
9141.6,9129.988,0.9987,STAY_ACTIVE,9129.98828125
6944.700000000001,6965.8843,0.9969,STAY_ACTIVE,6965.88427734375
3416.7,3415.6855,0.9997,SCALE_DOWN,3000.0
7128.3,7138.3154,0.9986,STAY_ACTIVE,7138.3154296875
4500.3,4500.488,1.0,SCALE_DOWN,3000.0
5945.1,5941.624,0.9994,STAY_ACTIVE,5941.6240234375
17327.100000000002,17235.918,0.9947,STAY_ACTIVE,17235.91796875
10732.8,10709.16,0.9978,STAY_ACTIVE,10709.16015625
13654.2,13739.827,0.9937,STAY_ACTIVE,13739.8271484375
5472.299999999999,5450.9097,0.9961,STAY_ACTIVE,5450.90966796875
4479.9,4480.7397,0.9998,SCALE_DOWN,3000.0
3363.0,3363.3455,0.9999,SCALE_DOWN,3000.0
6596.4,6625.5415,0.9956,STAY_ACTIVE,6625.54150390625
3875.4,3878.7124,0.9991,SCALE_DOWN,3000.0
14879.1,14839.667,0.9973,STAY_ACTIVE,14839.6669921875
4468.5,4463.3413,0.9988,SCALE_DOWN,3000.0
3925.2,3923.5,0.9996,SCALE_DOWN,3000.0
4085.1,4085.9744,0.9998,SCALE_DOWN,3000.0
5363.7,5358.261,0.999,STAY_ACTIVE,5358.26123046875
14147.4,14100.589,0.9967,STAY_ACTIVE,14100.5888671875
20532.9,20703.072,0.9917,STAY_ACTIVE,20703.072265625
3889.5,3892.3823,0.9993,SCALE_DOWN,3000.0
10070.4,10048.751,0.9979,STAY_ACTIVE,10048.7509765625
3459.0,3455.3542,0.9989,SCALE_DOWN,3000.0
5551.799999999999,5536.1543,0.9972,STAY_ACTIVE,5536.154296875
4538.1,4536.074,0.9996,SCALE_DOWN,3000.0
5736.9,5724.4297,0.9978,STAY_ACTIVE,5724.4296875
8117.4,8082.1064,0.9957,STAY_ACTIVE,8082.1064453125
3439.5,3444.0112,0.9987,SCALE_DOWN,3000.0
8749.199999999999,8766.558,0.998,STAY_ACTIVE,8766.5576171875
6634.5,6648.422,0.9979,STAY_ACTIVE,6648.421875
11305.2,11344.139,0.9966,STAY_ACTIVE,11344.138671875
6018.6,6024.857,0.999,STAY_ACTIVE,6024.85693359375
4012.8,4013.5793,0.9998,SCALE_DOWN,3000.0
12333.9,12352.926,0.9985,STAY_ACTIVE,12352.92578125
4269.6,4272.3164,0.9994,SCALE_DOWN,3000.0
4953.0,4946.327,0.9987,SCALE_DOWN,3000.0
6416.1,6427.667,0.9982,STAY_ACTIVE,6427.6669921875
13722.6,13656.344,0.9952,STAY_ACTIVE,13656.34375
4067.4,4057.745,0.9976,SCALE_DOWN,3000.0
4455.299999999999,4456.1665,0.9998,SCALE_DOWN,3000.0
3810.0,3810.8657,0.9998,SCALE_DOWN,3000.0
3410.1,3413.6055,0.999,SCALE_DOWN,3000.0
11131.500000000002,11067.646,0.9943,STAY_ACTIVE,11067.646484375
4482.0,4470.1255,0.9974,SCALE_DOWN,3000.0
17288.4,17222.092,0.9962,STAY_ACTIVE,17222.091796875
3801.6,3799.9338,0.9996,SCALE_DOWN,3000.0
4845.9,4835.024,0.9978,SCALE_DOWN,3000.0
13395.0,13463.442,0.9949,STAY_ACTIVE,13463.4423828125
3465.6000000000004,3460.343,0.9985,SCALE_DOWN,3000.0
4537.2,4536.074,0.9998,SCALE_DOWN,3000.0
6568.500000000001,6604.2344,0.9946,STAY_ACTIVE,6604.234375
7151.700000000001,7185.1675,0.9953,STAY_ACTIVE,7185.16748046875
4256.1,4252.2017,0.9991,SCALE_DOWN,3000.0
3634.8,3635.805,0.9997,SCALE_DOWN,3000.0
3773.7,3780.5232,0.9982,SCALE_DOWN,3000.0
14707.2,14788.552,0.9945,STAY_ACTIVE,14788.5517578125
3339.2999999999997,3337.0242,0.9993,SCALE_DOWN,3000.0
3726.9,3732.9734,0.9984,SCALE_DOWN,3000.0
4594.8,4591.2144,0.9992,SCALE_DOWN,3000.0
9551.1,9547.306,0.9996,STAY_ACTIVE,9547.3056640625
9724.5,9719.694,0.9995,STAY_ACTIVE,9719.6943359375
14226.6,14342.057,0.9919,STAY_ACTIVE,14342.056640625
8693.7,8667.029,0.9969,STAY_ACTIVE,8667.029296875
8436.9,8392.113,0.9947,STAY_ACTIVE,8392.11328125
4726.200000000001,4724.9385,0.9997,SCALE_DOWN,3000.0
13647.0,13675.019,0.9979,STAY_ACTIVE,13675.0185546875
3349.8,3349.9878,0.9999,SCALE_DOWN,3000.0
11008.2,11018.084,0.9991,STAY_ACTIVE,11018.083984375
10854.9,10808.276,0.9957,STAY_ACTIVE,10808.2763671875
3764.7,3774.2905,0.9975,SCALE_DOWN,3000.0
4009.8,4015.9521,0.9985,SCALE_DOWN,3000.0
3687.6,3679.3962,0.9978,SCALE_DOWN,3000.0
3829.2,3829.1497,1.0,SCALE_DOWN,3000.0
5744.1,5744.1445,1.0,STAY_ACTIVE,5744.14453125
15249.0,15077.013,0.9887,STAY_ACTIVE,15077.0126953125
19919.1,19777.281,0.9929,STAY_ACTIVE,19777.28125
12345.6,12418.698,0.9941,STAY_ACTIVE,12418.6982421875
7206.000000000001,7202.52,0.9995,STAY_ACTIVE,7202.52001953125
3996.9,3996.5703,0.9999,SCALE_DOWN,3000.0
3411.9,3412.4355,0.9998,SCALE_DOWN,3000.0
13335.600000000002,13353.464,0.9987,STAY_ACTIVE,13353.4638671875
6271.5,6258.948,0.998,STAY_ACTIVE,6258.9482421875
9605.7,9607.918,0.9998,STAY_ACTIVE,9607.91796875
15242.7,15199.679,0.9972,STAY_ACTIVE,15199.6787109375
13542.6,13569.395,0.998,STAY_ACTIVE,13569.39453125
10089.0,10064.395,0.9976,STAY_ACTIVE,10064.39453125
3324.0,3326.1497,0.9994,SCALE_DOWN,3000.0
7745.1,7788.3877,0.9944,STAY_ACTIVE,7788.3876953125
3362.1000000000004,3363.3455,0.9996,SCALE_DOWN,3000.0
6718.8,6702.7153,0.9976,STAY_ACTIVE,6702.71533203125
15056.4,15089.192,0.9978,STAY_ACTIVE,15089.1923828125
9891.3,9889.971,0.9999,STAY_ACTIVE,9889.970703125
16100.400000000003,15962.115,0.9914,STAY_ACTIVE,15962.115234375
7626.0,7640.3745,0.9981,STAY_ACTIVE,7640.37451171875
7566.9,7574.017,0.9991,STAY_ACTIVE,7574.01708984375
9072.0,9122.55,0.9944,STAY_ACTIVE,9122.5498046875
5863.200000000001,5858.279,0.9992,STAY_ACTIVE,5858.27880859375
14131.2,14101.526,0.9979,STAY_ACTIVE,14101.5263671875
3537.9,3536.317,0.9996,SCALE_DOWN,3000.0
5840.699999999999,5841.5903,0.9998,STAY_ACTIVE,5841.59033203125
3509.0999999999995,3509.883,0.9998,SCALE_DOWN,3000.0
3957.6,3961.2341,0.9991,SCALE_DOWN,3000.0
5180.700000000001,5166.198,0.9972,STAY_ACTIVE,5166.1982421875
9634.8,9573.389,0.9936,STAY_ACTIVE,9573.388671875
8131.799999999999,8164.3057,0.996,STAY_ACTIVE,8164.3056640625
4417.5,4419.2983,0.9996,SCALE_DOWN,3000.0
7858.200000000001,7870.8076,0.9984,STAY_ACTIVE,7870.8076171875
3400.5,3396.34,0.9988,SCALE_DOWN,3000.0
5720.7,5705.288,0.9973,STAY_ACTIVE,5705.2880859375
3834.6,3835.3796,0.9998,SCALE_DOWN,3000.0
3724.2,3726.8381,0.9993,SCALE_DOWN,3000.0
4531.5,4523.5605,0.9982,SCALE_DOWN,3000.0
3551.0999999999995,3550.1033,0.9997,SCALE_DOWN,3000.0
4600.2,4597.9604,0.9995,SCALE_DOWN,3000.0
14631.6,14525.815,0.9928,STAY_ACTIVE,14525.8154296875
4091.7,4085.8955,0.9986,SCALE_DOWN,3000.0
7847.4,7824.2134,0.997,STAY_ACTIVE,7824.21337890625
11226.9,11299.882,0.9935,STAY_ACTIVE,11299.8818359375
6093.6,6101.5327,0.9987,STAY_ACTIVE,6101.53271484375
3849.0,3849.5286,0.9999,SCALE_DOWN,3000.0
3940.2,3946.5537,0.9984,SCALE_DOWN,3000.0
4374.299999999999,4371.557,0.9994,SCALE_DOWN,3000.0
4905.3,4919.0557,0.9972,SCALE_DOWN,3000.0
4188.9,4185.5854,0.9992,SCALE_DOWN,3000.0
4849.5,4861.297,0.9976,SCALE_DOWN,3000.0
4557.9,4552.837,0.9989,SCALE_DOWN,3000.0
6254.4,6229.9556,0.9961,STAY_ACTIVE,6229.95556640625
4159.2,4162.5938,0.9992,SCALE_DOWN,3000.0
6192.300000000001,6173.2563,0.9969,STAY_ACTIVE,6173.25634765625
10095.6,10039.78,0.9945,STAY_ACTIVE,10039.7802734375
4694.1,4676.3325,0.9962,SCALE_DOWN,3000.0
4909.2,4913.1846,0.9992,SCALE_DOWN,3000.0
5142.0,5129.4517,0.9976,STAY_ACTIVE,5129.45166015625
12821.7,12856.114,0.9973,STAY_ACTIVE,12856.1142578125
9193.5,9198.39,0.9995,STAY_ACTIVE,9198.3896484375
4418.4,4419.557,0.9997,SCALE_DOWN,3000.0
5740.200000000001,5709.769,0.9947,STAY_ACTIVE,5709.76904296875
14127.600000000002,14118.966,0.9994,STAY_ACTIVE,14118.9658203125
3793.2,3787.6968,0.9985,SCALE_DOWN,3000.0
19925.4,20052.729,0.9936,STAY_ACTIVE,20052.728515625
3448.7999999999997,3451.2295,0.9993,SCALE_DOWN,3000.0
16420.800000000003,16443.738,0.9986,STAY_ACTIVE,16443.73828125
10353.9,10361.781,0.9992,STAY_ACTIVE,10361.78125
7752.0,7735.8325,0.9979,STAY_ACTIVE,7735.83251953125
5497.5,5519.722,0.996,STAY_ACTIVE,5519.72216796875
4369.5,4366.8657,0.9994,SCALE_DOWN,3000.0
4547.700000000001,4548.7295,0.9998,SCALE_DOWN,3000.0
3535.2000000000003,3532.546,0.9992,SCALE_DOWN,3000.0
7615.200000000001,7620.6914,0.9993,STAY_ACTIVE,7620.69140625
7404.9,7370.1343,0.9953,STAY_ACTIVE,7370.13427734375
5956.5,6004.611,0.9919,STAY_ACTIVE,6004.61083984375
4262.7,4258.8037,0.9991,SCALE_DOWN,3000.0
11349.3,11410.687,0.9946,STAY_ACTIVE,11410.6865234375
4467.0,4470.1045,0.9993,SCALE_DOWN,3000.0
12802.8,12799.546,0.9997,STAY_ACTIVE,12799.5458984375
4489.5,4488.6265,0.9998,SCALE_DOWN,3000.0
6640.5,6666.5234,0.9961,STAY_ACTIVE,6666.5234375
5765.700000000001,5777.2705,0.998,STAY_ACTIVE,5777.2705078125
8472.0,8460.022,0.9986,STAY_ACTIVE,8460.0224609375
6375.0,6382.004,0.9989,STAY_ACTIVE,6382.00390625
11912.7,11912.272,1.0,STAY_ACTIVE,11912.2724609375
6159.900000000001,6181.617,0.9965,STAY_ACTIVE,6181.6171875
17699.7,17859.805,0.991,STAY_ACTIVE,17859.8046875
8332.800000000001,8320.795,0.9986,STAY_ACTIVE,8320.794921875
3858.9,3860.5864,0.9996,SCALE_DOWN,3000.0
8978.7,9013.375,0.9961,STAY_ACTIVE,9013.375
3810.3,3810.8657,0.9999,SCALE_DOWN,3000.0
7617.0,7639.575,0.997,STAY_ACTIVE,7639.5751953125
6069.9,6069.819,1.0,STAY_ACTIVE,6069.81884765625
5220.6,5206.95,0.9974,STAY_ACTIVE,5206.9501953125
3349.2,3349.8499,0.9998,SCALE_DOWN,3000.0
9116.4,9073.749,0.9953,STAY_ACTIVE,9073.7490234375
4762.2,4766.5415,0.9991,SCALE_DOWN,3000.0
3712.8,3696.774,0.9957,SCALE_DOWN,3000.0
3935.1,3939.6333,0.9988,SCALE_DOWN,3000.0
4329.9,4332.953,0.9993,SCALE_DOWN,3000.0
3501.9,3499.6152,0.9993,SCALE_DOWN,3000.0
5574.9,5560.6797,0.9974,STAY_ACTIVE,5560.6796875
12325.8,12258.955,0.9946,STAY_ACTIVE,12258.955078125
3850.8,3853.4128,0.9993,SCALE_DOWN,3000.0
4390.5,4375.385,0.9966,SCALE_DOWN,3000.0
3532.2000000000003,3540.2156,0.9977,SCALE_DOWN,3000.0
3341.7,3342.258,0.9998,SCALE_DOWN,3000.0
4682.1,4686.0645,0.9992,SCALE_DOWN,3000.0
4039.5,4041.1802,0.9996,SCALE_DOWN,3000.0
7022.1,7002.6113,0.9972,STAY_ACTIVE,7002.611328125
10123.500000000002,10060.761,0.9938,STAY_ACTIVE,10060.7607421875
11276.4,11263.253,0.9988,STAY_ACTIVE,11263.2529296875
5529.0,5562.9966,0.9939,STAY_ACTIVE,5562.99658203125
4417.5,4419.2637,0.9996,SCALE_DOWN,3000.0
7394.700000000001,7359.0234,0.9952,STAY_ACTIVE,7359.0234375
4021.8,4022.0479,0.9999,SCALE_DOWN,3000.0
7356.000000000001,7312.256,0.9941,STAY_ACTIVE,7312.255859375
13770.3,13828.842,0.9957,STAY_ACTIVE,13828.841796875
4417.5,4419.247,0.9996,SCALE_DOWN,3000.0
13692.9,13658.941,0.9975,STAY_ACTIVE,13658.94140625
5823.0,5854.842,0.9945,STAY_ACTIVE,5854.841796875
5244.0,5246.1265,0.9996,STAY_ACTIVE,5246.12646484375
3997.2,4001.227,0.999,SCALE_DOWN,3000.0
8104.799999999999,8140.5107,0.9956,STAY_ACTIVE,8140.5107421875
15834.0,15845.466,0.9993,STAY_ACTIVE,15845.4658203125
4285.5,4286.785,0.9997,SCALE_DOWN,3000.0
7443.9,7449.7793,0.9992,STAY_ACTIVE,7449.779296875
4100.1,4098.7593,0.9997,SCALE_DOWN,3000.0
4739.1,4727.875,0.9976,SCALE_DOWN,3000.0
3601.5,3601.6367,1.0,SCALE_DOWN,3000.0
6495.9,6508.032,0.9981,STAY_ACTIVE,6508.0322265625
7968.0,8053.861,0.9892,STAY_ACTIVE,8053.86083984375
9542.1,9510.418,0.9967,STAY_ACTIVE,9510.41796875
12541.8,12511.489,0.9976,STAY_ACTIVE,12511.4892578125
7529.700000000001,7501.3687,0.9962,STAY_ACTIVE,7501.36865234375
4192.799999999999,4182.0396,0.9974,SCALE_DOWN,3000.0
17353.2,17216.324,0.9921,STAY_ACTIVE,17216.32421875
3333.9,3331.7134,0.9993,SCALE_DOWN,3000.0
4134.3,4128.9263,0.9987,SCALE_DOWN,3000.0
3718.8,3722.573,0.999,SCALE_DOWN,3000.0
10257.9,10268.215,0.999,STAY_ACTIVE,10268.21484375
14266.2,14237.03,0.998,STAY_ACTIVE,14237.0302734375
8919.9,8945.992,0.9971,STAY_ACTIVE,8945.9921875
7130.4,7110.176,0.9972,STAY_ACTIVE,7110.17578125
8475.6,8461.876,0.9984,STAY_ACTIVE,8461.8759765625
13338.3,13264.579,0.9945,STAY_ACTIVE,13264.5791015625
3396.0,3399.28,0.999,SCALE_DOWN,3000.0
6582.9,6569.786,0.998,STAY_ACTIVE,6569.7861328125
5335.5,5366.809,0.9941,STAY_ACTIVE,5366.80908203125
12943.2,12908.581,0.9973,STAY_ACTIVE,12908.5810546875
5199.6,5222.242,0.9956,STAY_ACTIVE,5222.2421875
3727.8,3727.8506,1.0,SCALE_DOWN,3000.0
11266.5,11295.021,0.9975,STAY_ACTIVE,11295.021484375
4632.6,4633.614,0.9998,SCALE_DOWN,3000.0
9391.2,9399.365,0.9991,STAY_ACTIVE,9399.365234375
6672.3,6657.532,0.9978,STAY_ACTIVE,6657.5322265625
16942.8,17013.066,0.9959,STAY_ACTIVE,17013.06640625
3324.0,3326.1497,0.9994,SCALE_DOWN,3000.0
3810.0,3810.8657,0.9998,SCALE_DOWN,3000.0
4580.4,4577.325,0.9993,SCALE_DOWN,3000.0
21000.0,21012.773,0.9994,STAY_ACTIVE,21012.7734375
3760.2,3766.5706,0.9983,SCALE_DOWN,3000.0
5689.200000000001,5699.3286,0.9982,STAY_ACTIVE,5699.32861328125
3414.9,3415.5605,0.9998,SCALE_DOWN,3000.0
7285.799999999999,7310.4243,0.9966,STAY_ACTIVE,7310.42431640625
6037.8,6021.882,0.9974,STAY_ACTIVE,6021.8818359375
4769.1,4778.162,0.9981,SCALE_DOWN,3000.0
4301.1,4303.5547,0.9994,SCALE_DOWN,3000.0
17639.399999999998,17524.66,0.9935,STAY_ACTIVE,17524.66015625
4087.5,4098.851,0.9972,SCALE_DOWN,3000.0
10355.4,10378.613,0.9978,STAY_ACTIVE,10378.61328125
6828.6,6808.895,0.9971,STAY_ACTIVE,6808.89501953125
4259.4,4261.116,0.9996,SCALE_DOWN,3000.0
9327.0,9367.55,0.9957,STAY_ACTIVE,9367.5498046875
6111.0,6087.0117,0.9961,STAY_ACTIVE,6087.01171875
7958.1,7947.856,0.9987,STAY_ACTIVE,7947.85595703125
5988.9,6017.8315,0.9952,STAY_ACTIVE,6017.83154296875
13192.5,13122.454,0.9947,STAY_ACTIVE,13122.4541015625
3534.0,3534.5894,0.9998,SCALE_DOWN,3000.0
4983.0,4996.9146,0.9972,SCALE_DOWN,3000.0
3555.6000000000004,3555.1863,0.9999,SCALE_DOWN,3000.0
4202.700000000001,4207.21,0.9989,SCALE_DOWN,3000.0
10983.3,11036.684,0.9951,STAY_ACTIVE,11036.68359375
8831.1,8800.7705,0.9966,STAY_ACTIVE,8800.7705078125
3834.6,3835.3796,0.9998,SCALE_DOWN,3000.0
4468.8,4472.44,0.9992,SCALE_DOWN,3000.0
4070.4,4083.1562,0.9969,SCALE_DOWN,3000.0
4827.0,4824.0,0.9994,SCALE_DOWN,3000.0
10447.500000000002,10403.338,0.9958,STAY_ACTIVE,10403.337890625
3472.5,3468.3289,0.9988,SCALE_DOWN,3000.0
6406.5,6397.408,0.9986,STAY_ACTIVE,6397.408203125
17360.399999999998,17417.64,0.9967,STAY_ACTIVE,17417.640625
9903.9,9941.663,0.9962,STAY_ACTIVE,9941.6630859375
3810.6,3812.5142,0.9995,SCALE_DOWN,3000.0
18580.800000000003,18655.104,0.996,STAY_ACTIVE,18655.103515625
4694.700000000001,4695.0527,0.9999,SCALE_DOWN,3000.0
5250.0,5243.8125,0.9988,STAY_ACTIVE,5243.8125
4601.1,4598.222,0.9994,SCALE_DOWN,3000.0
4056.3,4052.1536,0.999,SCALE_DOWN,3000.0
16461.3,16536.08,0.9955,STAY_ACTIVE,16536.080078125
9326.1,9314.675,0.9988,STAY_ACTIVE,9314.6748046875
3598.7999999999997,3605.5188,0.9981,SCALE_DOWN,3000.0
9544.8,9555.499,0.9989,STAY_ACTIVE,9555.4990234375
6995.4,6969.196,0.9963,STAY_ACTIVE,6969.19580078125
9151.8,9203.596,0.9943,STAY_ACTIVE,9203.595703125
8454.0,8442.444,0.9986,STAY_ACTIVE,8442.4443359375
13433.7,13359.52,0.9945,STAY_ACTIVE,13359.51953125
3654.6,3657.0647,0.9993,SCALE_DOWN,3000.0
4488.6,4488.5464,1.0,SCALE_DOWN,3000.0
6824.1,6818.293,0.9991,STAY_ACTIVE,6818.29296875
4197.3,4190.291,0.9983,SCALE_DOWN,3000.0
7070.4,7061.143,0.9987,STAY_ACTIVE,7061.14306640625
4381.5,4382.694,0.9997,SCALE_DOWN,3000.0
4465.200000000001,4466.027,0.9998,SCALE_DOWN,3000.0
4084.2,4081.0034,0.9992,SCALE_DOWN,3000.0
9346.2,9347.308,0.9999,STAY_ACTIVE,9347.3076171875
9273.9,9244.684,0.9968,STAY_ACTIVE,9244.68359375
3930.0,3932.679,0.9993,SCALE_DOWN,3000.0
10195.5,10149.299,0.9955,STAY_ACTIVE,10149.298828125
4289.1,4287.8564,0.9997,SCALE_DOWN,3000.0
4555.200000000001,4553.7056,0.9997,SCALE_DOWN,3000.0
4415.7,4427.352,0.9974,SCALE_DOWN,3000.0
9903.0,9851.62,0.9948,STAY_ACTIVE,9851.6201171875
5853.9,5800.347,0.9909,STAY_ACTIVE,5800.34716796875
9859.5,9882.582,0.9977,STAY_ACTIVE,9882.58203125
5123.1,5103.3975,0.9962,STAY_ACTIVE,5103.3974609375
4588.200000000001,4583.532,0.999,SCALE_DOWN,3000.0
4899.9,4885.0015,0.997,SCALE_DOWN,3000.0
7285.799999999999,7303.7075,0.9975,STAY_ACTIVE,7303.70751953125
3354.6000000000004,3352.5789,0.9994,SCALE_DOWN,3000.0
4559.7,4560.282,0.9999,SCALE_DOWN,3000.0
11460.9,11487.645,0.9977,STAY_ACTIVE,11487.64453125
4417.5,4419.2637,0.9996,SCALE_DOWN,3000.0
17407.2,17342.555,0.9963,STAY_ACTIVE,17342.5546875
7718.700000000001,7766.067,0.9939,STAY_ACTIVE,7766.06689453125
5412.0,5445.0444,0.9939,STAY_ACTIVE,5445.04443359375
7468.5,7475.462,0.9991,STAY_ACTIVE,7475.4619140625
5529.0,5525.1265,0.9993,STAY_ACTIVE,5525.12646484375
10471.8,10488.137,0.9984,STAY_ACTIVE,10488.13671875
7297.8,7259.532,0.9948,STAY_ACTIVE,7259.5322265625
4989.9,4979.8594,0.998,SCALE_DOWN,3000.0
4413.0,4413.9683,0.9998,SCALE_DOWN,3000.0
4661.400000000001,4657.9863,0.9993,SCALE_DOWN,3000.0
4062.9,4055.2092,0.9981,SCALE_DOWN,3000.0
16196.7,16337.763,0.9913,STAY_ACTIVE,16337.7626953125
7375.199999999999,7405.2944,0.9959,STAY_ACTIVE,7405.29443359375
3324.0,3326.2947,0.9993,SCALE_DOWN,3000.0
9345.0,9359.918,0.9984,STAY_ACTIVE,9359.91796875
8426.099999999999,8444.161,0.9979,STAY_ACTIVE,8444.1611328125
7012.200000000001,7024.0176,0.9983,STAY_ACTIVE,7024.017578125
3324.0,3326.2947,0.9993,SCALE_DOWN,3000.0
20092.800000000003,19965.688,0.9937,STAY_ACTIVE,19965.6875
3324.0,3326.2595,0.9993,SCALE_DOWN,3000.0
5504.7,5479.519,0.9954,STAY_ACTIVE,5479.51904296875
3759.3,3755.861,0.9991,SCALE_DOWN,3000.0
3810.0,3810.8657,0.9998,SCALE_DOWN,3000.0
3818.7,3820.583,0.9995,SCALE_DOWN,3000.0
8173.5,8132.29,0.995,STAY_ACTIVE,8132.2900390625
3867.9,3869.6953,0.9995,SCALE_DOWN,3000.0
13777.500000000002,13838.135,0.9956,STAY_ACTIVE,13838.134765625
12969.3,13000.91,0.9976,STAY_ACTIVE,13000.91015625
9098.4,9083.367,0.9983,STAY_ACTIVE,9083.3671875
3597.6000000000004,3597.105,0.9999,SCALE_DOWN,3000.0
5181.9,5192.3516,0.998,STAY_ACTIVE,5192.3515625
6384.9,6372.473,0.9981,STAY_ACTIVE,6372.47314453125
4044.900000000001,4056.3723,0.9972,SCALE_DOWN,3000.0
3866.7,3857.1787,0.9975,SCALE_DOWN,3000.0
5922.299999999999,5946.3706,0.9959,STAY_ACTIVE,5946.37060546875
9248.7,9244.352,0.9995,STAY_ACTIVE,9244.3515625
4725.6,4717.8506,0.9984,SCALE_DOWN,3000.0
5600.4,5601.448,0.9998,STAY_ACTIVE,5601.4482421875
7863.9,7896.6743,0.9958,STAY_ACTIVE,7896.67431640625
4451.4,4454.8286,0.9992,SCALE_DOWN,3000.0
5329.800000000001,5321.0034,0.9983,STAY_ACTIVE,5321.00341796875
19185.6,19282.062,0.995,STAY_ACTIVE,19282.0625
3732.0,3730.7249,0.9997,SCALE_DOWN,3000.0
4861.200000000001,4874.9243,0.9972,SCALE_DOWN,3000.0
18910.199999999997,19090.174,0.9905,STAY_ACTIVE,19090.173828125
3862.8,3864.6436,0.9995,SCALE_DOWN,3000.0
15943.8,15982.824,0.9976,STAY_ACTIVE,15982.82421875
10841.7,10827.492,0.9987,STAY_ACTIVE,10827.4921875
4660.5,4658.0376,0.9995,SCALE_DOWN,3000.0
6281.4,6270.132,0.9982,STAY_ACTIVE,6270.1318359375
9015.6,9042.21,0.997,STAY_ACTIVE,9042.2099609375
3590.1000000000004,3597.7495,0.9979,SCALE_DOWN,3000.0
3924.9,3926.458,0.9996,SCALE_DOWN,3000.0
7316.700000000001,7347.6035,0.9958,STAY_ACTIVE,7347.603515625
20116.2,20145.854,0.9985,STAY_ACTIVE,20145.853515625
13574.1,13605.731,0.9977,STAY_ACTIVE,13605.7314453125
11100.000000000002,11138.513,0.9965,STAY_ACTIVE,11138.5126953125
3468.6000000000004,3462.8008,0.9983,SCALE_DOWN,3000.0
3502.7999999999997,3511.0203,0.9977,SCALE_DOWN,3000.0
5961.9,5946.878,0.9975,STAY_ACTIVE,5946.8779296875
4591.800000000001,4587.8965,0.9991,SCALE_DOWN,3000.0
6779.699999999999,6785.517,0.9991,STAY_ACTIVE,6785.51708984375
4379.7,4382.258,0.9994,SCALE_DOWN,3000.0
3956.4,3949.9849,0.9984,SCALE_DOWN,3000.0
4371.3,4360.4688,0.9975,SCALE_DOWN,3000.0
21000.0,21027.416,0.9987,STAY_ACTIVE,21027.416015625
17320.800000000003,17360.883,0.9977,STAY_ACTIVE,17360.8828125
4414.200000000001,4406.5127,0.9983,SCALE_DOWN,3000.0
3765.900000000001,3766.5544,0.9998,SCALE_DOWN,3000.0
4478.7,4482.5645,0.9991,SCALE_DOWN,3000.0
3719.4,3719.2244,1.0,SCALE_DOWN,3000.0
4226.4,4231.56,0.9988,SCALE_DOWN,3000.0
3428.4000000000005,3431.2356,0.9992,SCALE_DOWN,3000.0
3349.8,3349.9526,1.0,SCALE_DOWN,3000.0
4774.8,4776.4126,0.9997,SCALE_DOWN,3000.0
11547.9,11495.671,0.9955,STAY_ACTIVE,11495.6708984375
5245.8,5242.1445,0.9993,STAY_ACTIVE,5242.14453125
11253.9,11289.966,0.9968,STAY_ACTIVE,11289.9658203125
3541.2,3546.608,0.9985,SCALE_DOWN,3000.0
4238.700000000001,4226.501,0.9971,SCALE_DOWN,3000.0
4001.4,4007.8652,0.9984,SCALE_DOWN,3000.0
4485.9,4484.272,0.9996,SCALE_DOWN,3000.0
5840.700000000001,5818.705,0.9962,STAY_ACTIVE,5818.705078125
13914.3,13881.179,0.9976,STAY_ACTIVE,13881.1787109375
4489.5,4488.61,0.9998,SCALE_DOWN,3000.0
9973.5,10013.237,0.996,STAY_ACTIVE,10013.2373046875
20589.6,20719.885,0.9937,STAY_ACTIVE,20719.884765625
11406.000000000002,11405.569,1.0,STAY_ACTIVE,11405.5693359375
4298.1,4302.801,0.9989,SCALE_DOWN,3000.0
3945.9,3941.2336,0.9988,SCALE_DOWN,3000.0
13108.800000000005,13047.369,0.9953,STAY_ACTIVE,13047.369140625
6825.9,6853.0664,0.996,STAY_ACTIVE,6853.06640625
3919.8,3922.8652,0.9992,SCALE_DOWN,3000.0
14471.4,14511.582,0.9972,STAY_ACTIVE,14511.58203125
11631.0,11630.281,0.9999,STAY_ACTIVE,11630.28125
11287.2,11241.489,0.996,STAY_ACTIVE,11241.4892578125
5948.400000000001,5980.78,0.9946,STAY_ACTIVE,5980.77978515625
14438.1,14516.81,0.9945,STAY_ACTIVE,14516.8095703125
3856.5,3859.02,0.9993,SCALE_DOWN,3000.0
5418.9,5403.349,0.9971,STAY_ACTIVE,5403.34912109375
4962.9,4961.5986,0.9997,SCALE_DOWN,3000.0
3685.2,3692.8538,0.9979,SCALE_DOWN,3000.0
4133.4,4135.2646,0.9995,SCALE_DOWN,3000.0
3954.9,3953.4204,0.9996,SCALE_DOWN,3000.0
18502.5,18447.844,0.997,STAY_ACTIVE,18447.84375
4202.4,4200.638,0.9996,SCALE_DOWN,3000.0
15371.400000000003,15267.482,0.9932,STAY_ACTIVE,15267.482421875
3582.3,3584.968,0.9993,SCALE_DOWN,3000.0
4185.6,4191.2983,0.9986,SCALE_DOWN,3000.0
3481.2000000000003,3484.8962,0.9989,SCALE_DOWN,3000.0
7272.000000000001,7248.822,0.9968,STAY_ACTIVE,7248.82177734375
15831.3,15834.004,0.9998,STAY_ACTIVE,15834.00390625
4035.6,4032.1611,0.9991,SCALE_DOWN,3000.0
15798.9,15632.883,0.9895,STAY_ACTIVE,15632.8828125
3721.2,3722.895,0.9995,SCALE_DOWN,3000.0
8030.1,8069.268,0.9951,STAY_ACTIVE,8069.26806640625
3417.0,3415.716,0.9996,SCALE_DOWN,3000.0
4334.099999999999,4323.9297,0.9977,SCALE_DOWN,3000.0
8291.4,8333.183,0.995,STAY_ACTIVE,8333.1826171875
10564.500000000002,10593.571,0.9972,STAY_ACTIVE,10593.5712890625
7479.300000000001,7436.091,0.9942,STAY_ACTIVE,7436.0908203125
13201.5,13207.7295,0.9995,STAY_ACTIVE,13207.7294921875
8187.5999999999985,8136.5464,0.9938,STAY_ACTIVE,8136.54638671875
3594.6000000000004,3600.98,0.9982,SCALE_DOWN,3000.0
4167.9,4162.6567,0.9987,SCALE_DOWN,3000.0
6075.3,6069.8403,0.9991,STAY_ACTIVE,6069.84033203125
4417.5,4419.2637,0.9996,SCALE_DOWN,3000.0
9268.5,9267.433,0.9999,STAY_ACTIVE,9267.4326171875
3649.5,3653.1062,0.999,SCALE_DOWN,3000.0
18107.4,18243.408,0.9925,STAY_ACTIVE,18243.408203125
13584.9,13650.825,0.9951,STAY_ACTIVE,13650.8251953125
4684.2,4680.7275,0.9993,SCALE_DOWN,3000.0
6540.3,6554.0835,0.9979,STAY_ACTIVE,6554.08349609375
3623.7,3628.785,0.9986,SCALE_DOWN,3000.0
3794.7,3803.774,0.9976,SCALE_DOWN,3000.0
6560.4,6541.05,0.9971,STAY_ACTIVE,6541.0498046875
4332.6,4328.481,0.999,SCALE_DOWN,3000.0
16730.4,16703.084,0.9984,STAY_ACTIVE,16703.083984375
11061.000000000002,11049.708,0.999,STAY_ACTIVE,11049.7080078125
3324.0,3326.2388,0.9993,SCALE_DOWN,3000.0
20992.800000000003,20832.322,0.9924,STAY_ACTIVE,20832.322265625
5281.5,5312.315,0.9942,STAY_ACTIVE,5312.31494140625
9709.8,9661.392,0.995,STAY_ACTIVE,9661.3916015625
5363.4,5366.711,0.9994,STAY_ACTIVE,5366.7109375
16497.3,16489.988,0.9996,STAY_ACTIVE,16489.98828125
4154.4,4144.9326,0.9977,SCALE_DOWN,3000.0
4082.1,4073.192,0.9978,SCALE_DOWN,3000.0
20568.0,20689.062,0.9941,STAY_ACTIVE,20689.0625
6119.400000000001,6085.515,0.9945,STAY_ACTIVE,6085.51513671875
4323.900000000001,4321.742,0.9995,SCALE_DOWN,3000.0
9783.3,9721.504,0.9937,STAY_ACTIVE,9721.50390625
8658.3,8678.987,0.9976,STAY_ACTIVE,8678.9873046875
4725.3,4722.583,0.9994,SCALE_DOWN,3000.0
10186.5,10104.312,0.9919,STAY_ACTIVE,10104.3115234375
5130.299999999999,5114.777,0.997,STAY_ACTIVE,5114.77685546875
3399.6000000000004,3402.7664,0.9991,SCALE_DOWN,3000.0
3324.0,3326.2947,0.9993,SCALE_DOWN,3000.0
11351.1,11382.107,0.9973,STAY_ACTIVE,11382.107421875
6600.0,6571.489,0.9957,STAY_ACTIVE,6571.48876953125
5805.6,5785.5264,0.9965,STAY_ACTIVE,5785.5263671875
4054.2,4061.29,0.9983,SCALE_DOWN,3000.0
3742.8,3749.4133,0.9982,SCALE_DOWN,3000.0
12560.7,12505.488,0.9956,STAY_ACTIVE,12505.48828125
9617.1,9624.21,0.9993,STAY_ACTIVE,9624.2099609375
4470.9,4469.6675,0.9997,SCALE_DOWN,3000.0
3440.3999999999996,3441.0515,0.9998,SCALE_DOWN,3000.0
3731.1,3735.6448,0.9988,SCALE_DOWN,3000.0
3359.4,3360.1716,0.9998,SCALE_DOWN,3000.0
4099.5,4113.6694,0.9965,SCALE_DOWN,3000.0
11951.1,11996.878,0.9962,STAY_ACTIVE,11996.8779296875
3855.3,3859.3574,0.9989,SCALE_DOWN,3000.0
3534.3,3540.1963,0.9983,SCALE_DOWN,3000.0
7329.9,7304.716,0.9966,STAY_ACTIVE,7304.7158203125
5911.5,5920.8213,0.9984,STAY_ACTIVE,5920.8212890625
5325.6,5309.5728,0.997,STAY_ACTIVE,5309.57275390625
11609.4,11661.676,0.9955,STAY_ACTIVE,11661.67578125
13797.3,13767.472,0.9978,STAY_ACTIVE,13767.4716796875
6748.200000000001,6771.6875,0.9965,STAY_ACTIVE,6771.6875
4116.0,4108.199,0.9981,SCALE_DOWN,3000.0
15654.0,15655.07,0.9999,STAY_ACTIVE,15655.0703125
8772.9,8742.073,0.9965,STAY_ACTIVE,8742.0732421875
3860.1,3863.0051,0.9992,SCALE_DOWN,3000.0
20298.9,20128.629,0.9916,STAY_ACTIVE,20128.62890625
8539.5,8539.767,1.0,STAY_ACTIVE,8539.7666015625
5741.4,5780.958,0.9931,STAY_ACTIVE,5780.9580078125
9175.8,9185.35,0.999,STAY_ACTIVE,9185.349609375
4417.5,4419.2983,0.9996,SCALE_DOWN,3000.0
8105.4,8106.716,0.9998,STAY_ACTIVE,8106.7158203125
3398.7000000000003,3402.6152,0.9988,SCALE_DOWN,3000.0
4303.2,4295.2505,0.9982,SCALE_DOWN,3000.0
10176.6,10164.874,0.9988,STAY_ACTIVE,10164.8740234375
3457.2000000000003,3452.648,0.9987,SCALE_DOWN,3000.0
3639.9,3644.6453,0.9987,SCALE_DOWN,3000.0
3558.3,3565.7898,0.9979,SCALE_DOWN,3000.0
4311.0,4316.262,0.9988,SCALE_DOWN,3000.0
10671.0,10616.658,0.9949,STAY_ACTIVE,10616.658203125
3810.0,3810.8657,0.9998,SCALE_DOWN,3000.0
3625.2,3629.6045,0.9988,SCALE_DOWN,3000.0
7842.6,7894.7754,0.9933,STAY_ACTIVE,7894.775390625
3431.4,3435.648,0.9988,SCALE_DOWN,3000.0
8973.3,8956.0625,0.9981,STAY_ACTIVE,8956.0625
4092.599999999999,4103.282,0.9974,SCALE_DOWN,3000.0
3382.2000000000003,3383.4675,0.9996,SCALE_DOWN,3000.0
13715.4,13760.47,0.9967,STAY_ACTIVE,13760.4697265625
6125.1,6097.0474,0.9954,STAY_ACTIVE,6097.04736328125
8666.4,8698.758,0.9963,STAY_ACTIVE,8698.7578125
7815.0,7786.429,0.9963,STAY_ACTIVE,7786.42919921875
10287.0,10309.707,0.9978,STAY_ACTIVE,10309.70703125
6064.5,6066.46,0.9997,STAY_ACTIVE,6066.4599609375
10536.0,10614.952,0.9925,STAY_ACTIVE,10614.9521484375
5580.6,5599.771,0.9966,STAY_ACTIVE,5599.77099609375
3629.4,3626.4353,0.9992,SCALE_DOWN,3000.0
8152.5,8180.178,0.9966,STAY_ACTIVE,8180.17822265625
7755.599999999999,7765.9946,0.9987,STAY_ACTIVE,7765.99462890625
18858.9,18728.639,0.9931,STAY_ACTIVE,18728.638671875
4040.7,4037.0757,0.9991,SCALE_DOWN,3000.0
12094.5,12087.145,0.9994,STAY_ACTIVE,12087.14453125
11009.7,10996.734,0.9988,STAY_ACTIVE,10996.734375
4000.2,3995.4407,0.9988,SCALE_DOWN,3000.0
13597.500000000002,13608.993,0.9992,STAY_ACTIVE,13608.9931640625
4108.8,4111.884,0.9992,SCALE_DOWN,3000.0
3324.6000000000004,3326.3416,0.9995,SCALE_DOWN,3000.0
11062.500000000002,11102.434,0.9964,STAY_ACTIVE,11102.43359375
4784.099999999999,4777.6416,0.9987,SCALE_DOWN,3000.0
12499.500000000002,12519.135,0.9984,STAY_ACTIVE,12519.134765625
3336.0,3333.6406,0.9993,SCALE_DOWN,3000.0
4297.5,4280.8716,0.9961,SCALE_DOWN,3000.0
8299.199999999999,8261.219,0.9954,STAY_ACTIVE,8261.21875
6555.9,6610.559,0.9917,STAY_ACTIVE,6610.55908203125
4069.8,4077.9104,0.998,SCALE_DOWN,3000.0
11085.6,11083.254,0.9998,STAY_ACTIVE,11083.25390625
10883.1,10905.895,0.9979,STAY_ACTIVE,10905.89453125
11004.6,11025.442,0.9981,STAY_ACTIVE,11025.4423828125
3692.1,3694.6147,0.9993,SCALE_DOWN,3000.0
3702.0,3704.4846,0.9993,SCALE_DOWN,3000.0
16117.5,16118.197,1.0,STAY_ACTIVE,16118.197265625
3540.6000000000004,3543.8257,0.9991,SCALE_DOWN,3000.0
12519.3,12497.738,0.9983,STAY_ACTIVE,12497.73828125
12062.1,12010.513,0.9957,STAY_ACTIVE,12010.5126953125
6579.300000000001,6584.5273,0.9992,STAY_ACTIVE,6584.52734375
4545.3,4545.402,1.0,SCALE_DOWN,3000.0
6850.199999999999,6838.08,0.9982,STAY_ACTIVE,6838.080078125
3603.0,3601.1765,0.9995,SCALE_DOWN,3000.0
8450.4,8444.814,0.9993,STAY_ACTIVE,8444.814453125
7946.700000000001,7996.7812,0.9937,STAY_ACTIVE,7996.78125
16102.2,16053.612,0.997,STAY_ACTIVE,16053.6123046875
6420.0,6416.598,0.9995,STAY_ACTIVE,6416.59814453125
4231.5,4224.227,0.9983,SCALE_DOWN,3000.0
9708.6,9744.637,0.9963,STAY_ACTIVE,9744.63671875
4569.6,4575.32,0.9987,SCALE_DOWN,3000.0
7064.4000000000015,7082.44,0.9974,STAY_ACTIVE,7082.43994140625
4176.6,4181.2446,0.9989,SCALE_DOWN,3000.0
4214.1,4214.616,0.9999,SCALE_DOWN,3000.0
3841.5,3841.3962,1.0,SCALE_DOWN,3000.0
5154.6,5169.375,0.9971,STAY_ACTIVE,5169.375
4463.4,4465.8013,0.9995,SCALE_DOWN,3000.0
4280.099999999999,4276.0947,0.9991,SCALE_DOWN,3000.0
4453.8,4443.374,0.9977,SCALE_DOWN,3000.0
3440.4,3444.3508,0.9989,SCALE_DOWN,3000.0
3708.6,3707.1697,0.9996,SCALE_DOWN,3000.0
3857.400000000001,3851.9094,0.9986,SCALE_DOWN,3000.0
6465.0,6481.864,0.9974,STAY_ACTIVE,6481.86376953125
9827.4,9851.424,0.9976,STAY_ACTIVE,9851.423828125
4675.8,4680.133,0.9991,SCALE_DOWN,3000.0
7882.5,7841.4546,0.9948,STAY_ACTIVE,7841.45458984375
11115.3,11141.334,0.9977,STAY_ACTIVE,11141.333984375
14524.5,14395.67,0.9911,STAY_ACTIVE,14395.669921875
5565.0,5556.6675,0.9985,STAY_ACTIVE,5556.66748046875
9372.3,9376.283,0.9996,STAY_ACTIVE,9376.283203125
3511.7999999999997,3509.7395,0.9994,SCALE_DOWN,3000.0
4900.8,4919.219,0.9962,SCALE_DOWN,3000.0
3346.8,3344.616,0.9993,SCALE_DOWN,3000.0
6378.6,6379.185,0.9999,STAY_ACTIVE,6379.18505859375
9855.3,9813.888,0.9958,STAY_ACTIVE,9813.8876953125
3667.8,3675.8462,0.9978,SCALE_DOWN,3000.0
3833.7,3835.1296,0.9996,SCALE_DOWN,3000.0
9802.2,9857.04,0.9944,STAY_ACTIVE,9857.0400390625
7950.0,8017.9204,0.9915,STAY_ACTIVE,8017.92041015625
11622.0,11630.989,0.9992,STAY_ACTIVE,11630.9892578125
4647.0,4643.1724,0.9992,SCALE_DOWN,3000.0
3393.6000000000004,3397.3176,0.9989,SCALE_DOWN,3000.0
3324.0,3326.2388,0.9993,SCALE_DOWN,3000.0
5200.2,5192.2812,0.9985,STAY_ACTIVE,5192.28125
4850.700000000001,4862.3623,0.9976,SCALE_DOWN,3000.0
5774.7,5790.3047,0.9973,STAY_ACTIVE,5790.3046875
3810.9,3814.1274,0.9992,SCALE_DOWN,3000.0
5165.7,5164.6387,0.9998,STAY_ACTIVE,5164.638671875
4863.0,4868.8755,0.9988,SCALE_DOWN,3000.0
17859.0,17664.639,0.9891,STAY_ACTIVE,17664.638671875
5805.6,5786.2,0.9967,STAY_ACTIVE,5786.2001953125
4133.1,4127.9272,0.9987,SCALE_DOWN,3000.0
11540.1,11491.432,0.9958,STAY_ACTIVE,11491.431640625
3561.8999999999996,3573.424,0.9968,SCALE_DOWN,3000.0
3378.0,3373.4678,0.9987,SCALE_DOWN,3000.0
8777.1,8735.846,0.9953,STAY_ACTIVE,8735.845703125
5188.200000000001,5181.9927,0.9988,STAY_ACTIVE,5181.99267578125
10412.4,10364.771,0.9954,STAY_ACTIVE,10364.771484375
6424.800000000001,6449.3086,0.9962,STAY_ACTIVE,6449.30859375
18250.5,18059.363,0.9895,STAY_ACTIVE,18059.36328125
4734.0,4725.309,0.9982,SCALE_DOWN,3000.0
12708.300000000005,12745.673,0.9971,STAY_ACTIVE,12745.6728515625
4261.2,4257.273,0.9991,SCALE_DOWN,3000.0
5726.4,5705.288,0.9963,STAY_ACTIVE,5705.2880859375
3924.6,3927.1675,0.9993,SCALE_DOWN,3000.0
6910.200000000001,6916.3276,0.9991,STAY_ACTIVE,6916.32763671875
4997.4,4988.0605,0.9981,SCALE_DOWN,3000.0
4314.3,4298.5425,0.9963,SCALE_DOWN,3000.0
9460.2,9483.269,0.9976,STAY_ACTIVE,9483.2685546875
11266.5,11240.996,0.9977,STAY_ACTIVE,11240.99609375
3728.1,3725.7698,0.9994,SCALE_DOWN,3000.0
6745.8,6720.886,0.9963,STAY_ACTIVE,6720.88623046875
6042.9,6026.857,0.9973,STAY_ACTIVE,6026.85693359375
3332.1000000000004,3326.3254,0.9983,SCALE_DOWN,3000.0
13262.7,13219.021,0.9967,STAY_ACTIVE,13219.021484375
5711.1,5687.062,0.9958,STAY_ACTIVE,5687.06201171875
3889.2,3891.2668,0.9995,SCALE_DOWN,3000.0
9877.8,9829.509,0.9951,STAY_ACTIVE,9829.5087890625
19259.4,19330.87,0.9963,STAY_ACTIVE,19330.869140625
5560.799999999999,5537.251,0.9958,STAY_ACTIVE,5537.2509765625
20063.1,19892.725,0.9915,STAY_ACTIVE,19892.724609375
19414.2,19512.055,0.995,STAY_ACTIVE,19512.0546875
4330.799999999999,4332.1816,0.9997,SCALE_DOWN,3000.0
10544.7,10539.329,0.9995,STAY_ACTIVE,10539.3291015625
4557.9,4557.873,1.0,SCALE_DOWN,3000.0
3938.7,3938.128,0.9999,SCALE_DOWN,3000.0
5031.299999999999,5028.63,0.9995,STAY_ACTIVE,5028.6298828125
13513.8,13533.56,0.9985,STAY_ACTIVE,13533.5595703125
4510.2,4510.987,0.9998,SCALE_DOWN,3000.0
4543.5,4548.5728,0.9989,SCALE_DOWN,3000.0
4969.5,4965.515,0.9992,SCALE_DOWN,3000.0
8348.7,8322.33,0.9968,STAY_ACTIVE,8322.330078125
3912.9,3919.792,0.9982,SCALE_DOWN,3000.0
7602.6,7624.6973,0.9971,STAY_ACTIVE,7624.697265625
4894.200000000001,4895.324,0.9998,SCALE_DOWN,3000.0
3502.7999999999997,3511.498,0.9975,SCALE_DOWN,3000.0
8903.1,8828.19,0.9916,STAY_ACTIVE,8828.1904296875
5242.8,5235.7334,0.9987,STAY_ACTIVE,5235.7333984375
4386.0,4396.697,0.9976,SCALE_DOWN,3000.0
9563.1,9565.196,0.9998,STAY_ACTIVE,9565.1962890625
6101.700000000001,6069.841,0.9948,STAY_ACTIVE,6069.8408203125
4051.8,4052.817,0.9997,SCALE_DOWN,3000.0
15429.0,15370.897,0.9962,STAY_ACTIVE,15370.8974609375
7868.099999999999,7866.6597,0.9998,STAY_ACTIVE,7866.65966796875
10890.3,10927.887,0.9965,STAY_ACTIVE,10927.88671875
4470.0,4479.155,0.998,SCALE_DOWN,3000.0
4951.799999999999,4942.0635,0.998,SCALE_DOWN,3000.0
21000.0,20979.836,0.999,STAY_ACTIVE,20979.8359375
4417.5,4419.2637,0.9996,SCALE_DOWN,3000.0
3603.6,3602.8345,0.9998,SCALE_DOWN,3000.0
7753.200000000001,7746.0723,0.9991,STAY_ACTIVE,7746.072265625
11497.8,11464.493,0.9971,STAY_ACTIVE,11464.4931640625
6774.0,6766.472,0.9989,STAY_ACTIVE,6766.47216796875
3471.0,3466.5364,0.9987,SCALE_DOWN,3000.0
3603.9,3610.8154,0.9981,SCALE_DOWN,3000.0
3409.5,3413.6055,0.9988,SCALE_DOWN,3000.0
3810.0,3810.8657,0.9998,SCALE_DOWN,3000.0
6367.200000000001,6347.474,0.9969,STAY_ACTIVE,6347.47412109375
4252.5,4256.0957,0.9992,SCALE_DOWN,3000.0
